frame_no,timestamp,size_px-darkorange,position_px_x-darkorange,position_px_y-darkorange,rx-darkorange,ry-darkorange,vx-darkorange,vy-darkorange,ax-darkorange,ay-darkorange,size_px-hotpink,position_px_x-hotpink,position_px_y-hotpink,rx-hotpink,ry-hotpink,vx-hotpink,vy-hotpink,ax-hotpink,ay-hotpink,size_px-lightorange,position_px_x-lightorange,position_px_y-lightorange,rx-lightorange,ry-lightorange,vx-lightorange,vy-lightorange,ax-lightorange,ay-lightorange
0,134.3,,,,,,,,,,,,,,,,,,,7,55,93,,,,,,
1,134.3,,,,,,,,,,,,,,,,,,,50,979,211,,,,,,
2,242.4,,,,,,,,,,,,,,,,,,,51,11,454,,,,,,
3,266.3,12,345,455,,,,,,,,,,,,,,,,,,,,,,,,
4,286.7,12,345,454,,,,,,,,,,,,,,,,,,,,,,,,
5,300.3,,,,,,,,,,9,345,455,,,,,,,7,675,865,,,,,,
6,311.7,,,,,,,,,,9,345,455,,,,,,,7,675,864,,,,,,
7,334.3,,,,,,,,,,9,345,454,,,,,,,8,675,864,,,,,,
8,334.3,,,,,,,,,,9,345,455,,,,,,,7,675,864,,,,,,
9,342.5,,,,,,,,,,9,345,455,,,,,,,8,675,864,,,,,,
10,355.2,,,,,,,,,,9,345,455,,,,,,,8,676,864,,,,,,
11,381.0,,,,,,,,,,9,345,455,,,,,,,8,676,864,,,,,,
12,413.2,,,,,,,,,,9,345,455,,,,,,,8,676,864,,,,,,
13,445.2,,,,,,,,,,9,345,455,,,,,,,8,675,864,,,,,,
14,480.9,,,,,,,,,,9,346,455,,,,,,,8,675,865,,,,,,
15,513.1,,,,,,,,,,9,346,455,,,,,,,7,675,865,,,,,,
16,545.3,,,,,,,,,,9,346,455,,,,,,,7,675,865,,,,,,
17,581.1,,,,,,,,,,9,346,456,,,,,,,7,675,864,,,,,,
18,613.8,,,,,,,,,,9,345,455,,,,,,,7,675,864,,,,,,
19,644.9,,,,,,,,,,9,345,455,,,,,,,8,675,864,,,,,,
20,680.7,,,,,,,,,,9,345,455,,,,,,,8,676,864,,,,,,
21,713.3,,,,,,,,,,9,345,454,,,,,,,8,676,864,,,,,,
22,745.2,,,,,,,,,,9,345,455,,,,,,,8,676,864,,,,,,
23,784.5,,,,,,,,,,8,346,455,,,,,,,8,675,864,,,,,,
24,815.0,,,,,,,,,,9,346,455,,,,,,,8,676,865,,,,,,
25,847.2,,,,,,,,,,9,346,455,,,,,,,7,675,865,,,,,,
26,896.9,,,,,,,,,,9,345,456,,,,,,,8,675,865,,,,,,
27,918.0,,,,,,,,,,9,346,455,,,,,,,7,675,865,,,,,,
28,948.9,,,,,,,,,,9,346,455,,,,,,,7,675,865,,,,,,
29,981.4,,,,,,,,,,9,346,455,,,,,,,7,675,864,,,,,,
30,1014.5,,,,,,,,,,9,345,454,,,,,,,8,675,864,,,,,,
31,1046.4,,,,,,,,,,9,345,455,,,,,,,8,675,863,,,,,,
32,1081.3,,,,,,,,,,9,345,455,,,,,,,7,675,863,,,,,,
33,1131.3,,,,,,,,,,9,345,455,,,,,,,8,676,864,,,,,,
34,1145.4,,,,,,,,,,9,346,456,,,,,,,8,675,864,,,,,,
35,1181.7,,,,,,,,,,9,345,455,,,,,,,7,675,864,,,,,,
36,1213.6,,,,,,,,,,9,345,455,,,,,,,7,675,865,,,,,,
37,1245.6,,,,,,,,,,9,346,455,,,,,,,7,675,865,,,,,,
38,1282.1,,,,,,,,,,8,345,455,,,,,,,7,675,865,,,,,,
39,1313.0,,,,,,,,,,8,345,455,,,,,,,7,675,865,,,,,,
40,1348.6,,,,,,,,,,9,346,456,,,,,,,7,675,864,,,,,,
41,1381.6,,,,,,,,,,9,345,455,,,,,,,8,675,864,,,,,,
42,1413.1,,,,,,,,,,9,345,455,,,,,,,8,675,864,,,,,,
43,1451.6,,,,,,,,,,8,345,456,,,,,,,8,676,864,,,,,,
44,1484.5,,,,,,,,,,9,345,455,,,,,,,8,676,864,,,,,,
45,1513.1,,,,,,,,,,8,345,455,,,,,,,8,675,864,,,,,,
46,1548.5,,,,,,,,,,9,345,455,,,,,,,7,676,864,,,,,,
47,1581.5,,,,,,,,,,9,346,456,,,,,,,8,676,865,,,,,,
48,1613.1,,,,,,,,,,9,346,456,,,,,,,7,675,865,,,,,,
49,1645.0,,,,,,,,,,9,345,455,,,,,,,7,675,865,,,,,,
50,1681.0,,,,,,,,,,9,345,455,,,,,,,8,675,865,,,,,,
51,1712.8,,,,,,,,,,8,345,456,,,,,,,7,675,864,,,,,,
52,1745.8,,,,,,,,,,8,345,455,,,,,,,8,675,864,,,,,,
53,1781.4,,,,,,,,,,8,345,455,,,,,,,8,676,864,,,,,,
54,1813.0,,,,,,,,,,8,345,455,,,,,,,8,675,864,,,,,,
55,1844.8,,,,,,,,,,9,345,455,,,,,,,8,675,863,,,,,,
56,1882.0,,,,,,,,,,9,345,456,,,,,,,8,675,864,,,,,,
57,1913.1,,,,,,,,,,8,345,455,,,,,,,8,675,864,,,,,,
58,1945.1,,,,,,,,,,8,345,455,,,,,,,8,675,864,,,,,,
59,1981.1,,,,,,,,,,8,345,455,,,,,,,7,675,864,,,,,,
60,2013.0,,,,,,,,,,8,345,455,,,,,,,7,675,864,,,,,,
61,2044.9,,,,,,,,,,8,344,454,,,,,,,8,676,863,,,,,,
62,2081.3,,,,,,,,,,8,344,454,,,,,,,7,677,861,,,,,,
63,2113.2,,,,,,,,,,9,344,453,,,,,,,7,678,859,,,,,,
64,2145.1,,,,,,,,,,8,345,454,,,,,,,7,680,857,,,,,,
65,2181.3,,,,,,,,,,8,345,453,,,,,,,7,683,855,,,,,,
66,2213.3,,,,,,,,,,9,346,453,,,,,,,7,685,852,,,,,,
67,2245.3,,,,,,,,,,8,346,451,,,,,,,8,688,849,,,,,,
68,2282.2,,,,,,,,,,8,346,450,,,,,,,8,691,845,,,,,,
69,2316.0,,,,,,,,,,8,346,448,,,,,,,7,695,841,,,,,,
70,2346.1,,,,,,,,,,8,347,447,,,,,,,7,700,836,,,,,,
71,2380.9,,,,,,,,,,8,347,446,,,,,,,7,707,829,,,,,,
72,2416.3,,,,,,,,,,8,347,444,,,,,,,7,713,820,,,,,,
73,2445.0,,,,,,,,,,8,347,441,,,,,,,7,720,810,,,,,,
74,2480.9,,,,,,,,,,8,346,438,,,,,,,7,727,798,,,,,,
75,2514.4,,,,,,,,,,8,345,435,,,,,,,7,737,784,,,,,,
76,2545.1,,,,,,,,,,8,345,433,,,,,,,7,745,770,,,,,,
77,2580.9,,,,,,,,,,8,344,429,,,,,,,7,755,756,,,,,,
78,2613.3,,,,,,,,,,8,345,426,,,,,,,7,762,743,,,,,,
79,2645.3,,,,,,,,,,8,346,423,,,,,,,7,770,730,,,,,,
80,2680.9,,,,,,,,,,8,346,419,,,,,,,7,777,717,,,,,,
81,2713.4,,,,,,,,,,8,347,415,,,,,,,7,784,705,,,,,,
82,2745.2,,,,,,,,,,8,347,411,,,,,,,7,791,693,,,,,,
83,2780.9,,,,,,,,,,8,348,407,,,,,,,7,797,681,,,,,,
84,2815.8,,,,,,,,,,8,349,404,,,,,,,7,803,669,,,,,,
85,2848.6,,,,,,,,,,8,350,399,,,,,,,7,808,657,,,,,,
86,2882.7,,,,,,,,,,8,352,395,,,,,,,7,813,646,,,,,,
87,2913.3,,,,,,,,,,8,353,390,,,,,,,8,817,635,,,,,,
88,2945.0,,,,,,,,,,8,355,386,,,,,,,7,822,625,,,,,,
89,2981.3,,,,,,,,,,8,356,383,,,,,,,7,827,615,,,,,,
90,3012.9,,,,,,,,,,8,358,379,,,,,,,7,832,605,,,,,,
91,3044.8,,,,,,,,,,8,359,375,,,,,,,7,836,596,,,,,,
92,3081.2,,,,,,,,,,8,361,371,,,,,,,7,840,588,,,,,,
93,3113.1,,,,,,,,,,8,362,368,,,,,,,8,844,579,,,,,,
94,3145.3,,,,,,,,,,8,363,365,,,,,,,7,847,571,,,,,,
95,3181.1,,,,,,,,,,8,364,362,,,,,,,8,851,563,,,,,,
96,3220.9,,,,,,,,,,8,365,359,,,,,,,8,854,555,,,,,,
97,3255.2,,,,,,,,,,8,366,356,,,,,,,8,857,547,,,,,,
98,3280.8,,,,,,,,,,8,367,353,,,,,,,7,859,540,,,,,,
99,3312.9,,,,,,,,,,8,368,350,,,,,,,8,861,533,,,,,,
100,3348.9,,,,,,,,,,8,368,347,,,,,,,8,864,527,,,,,,
101,3380.8,,,,,,,,,,8,369,346,,,,,,,8,866,521,,,,,,
102,3414.8,,,,,,,,,,8,370,344,,,,,,,8,868,516,,,,,,
103,3445.0,,,,,,,,,,8,370,342,,,,,,,7,870,511,,,,,,
104,3484.0,,,,,,,,,,8,371,340,,,,,,,8,871,506,,,,,,
105,3516.3,,,,,,,,,,8,371,338,,,,,,,8,873,502,,,,,,
106,3544.9,,,,,,,,,,8,372,337,,,,,,,8,875,498,,,,,,
107,3581.1,,,,,,,,,,8,372,335,,,,,,,8,875,494,,,,,,
108,3613.3,,,,,,,,,,8,372,334,,,,,,,8,876,491,,,,,,
109,3646.1,,,,,,,,,,8,372,333,,,,,,,8,877,488,,,,,,
110,3681.2,,,,,,,,,,8,373,332,,,,,,,7,877,485,,,,,,
111,3713.2,,,,,,,,,,8,372,330,,,,,,,8,878,482,,,,,,
112,3745.4,,,,,,,,,,8,373,330,,,,,,,7,879,481,,,,,,
113,3781.5,,,,,,,,,,8,373,329,,,,,,,8,879,480,,,,,,
114,3814.8,,,,,,,,,,8,373,329,,,,,,,7,880,478,,,,,,
115,3845.0,,,,,,,,,,8,373,329,,,,,,,8,880,478,,,,,,
116,3880.8,,,,,,,,,,8,373,329,,,,,,,8,880,477,,,,,,
117,3913.0,,,,,,,,,,8,373,328,,,,,,,8,880,477,,,,,,
118,3946.6,,,,,,,,,,8,373,328,,,,,,,8,881,477,,,,,,
119,3981.0,,,,,,,,,,8,373,328,,,,,,,8,881,477,,,,,,
120,4012.9,,,,,,,,,,8,373,328,,,,,,,8,880,476,,,,,,
121,4045.2,,,,,,,,,,8,373,328,,,,,,,8,880,476,,,,,,
122,4082.3,,,,,,,,,,8,373,328,,,,,,,8,881,476,,,,,,
123,4113.1,,,,,,,,,,8,373,328,,,,,,,8,880,476,,,,,,
124,4144.9,,,,,,,,,,8,373,328,,,,,,,8,880,476,,,,,,
125,4181.4,,,,,,,,,,8,373,328,,,,,,,8,881,477,,,,,,
126,4213.4,,,,,,,,,,8,374,329,,,,,,,8,881,477,,,,,,
127,4245.3,,,,,,,,,,8,373,328,,,,,,,8,881,477,,,,,,
128,4281.6,,,,,,,,,,8,373,328,,,,,,,8,881,477,,,,,,
129,4313.3,,,,,,,,,,8,373,328,,,,,,,8,881,477,,,,,,
130,4345.7,,,,,,,,,,8,373,328,,,,,,,8,881,476,,,,,,
131,4381.3,,,,,,,,,,8,373,328,,,,,,,8,881,476,,,,,,
132,4413.3,,,,,,,,,,8,373,328,,,,,,,8,880,476,,,,,,
133,4445.3,,,,,,,,,,8,373,328,,,,,,,7,880,476,,,,,,
134,4481.1,,,,,,,,,,8,373,328,,,,,,,8,880,476,,,,,,
135,4513.2,,,,,,,,,,8,373,328,,,,,,,8,880,476,,,,,,
136,4545.3,,,,,,,,,,8,373,328,,,,,,,8,880,476,,,,,,
137,4581.0,,,,,,,,,,8,373,328,,,,,,,8,880,476,,,,,,
138,4612.9,,,,,,,,,,8,373,328,,,,,,,8,880,477,,,,,,
139,4645.3,,,,,,,,,,8,373,329,,,,,,,8,880,477,,,,,,
140,4680.8,,,,,,,,,,8,374,329,,,,,,,8,881,477,,,,,,
141,4712.9,,,,,,,,,,8,373,328,,,,,,,8,880,476,,,,,,
142,4747.4,,,,,,,,,,8,373,328,,,,,,,8,880,476,,,,,,
143,4781.1,,,,,,,,,,8,373,328,,,,,,,8,880,476,,,,,,
144,4816.4,,,,,,,,,,8,373,328,,,,,,,8,880,476,,,,,,
145,4845.3,,,,,,,,,,8,373,328,,,,,,,8,880,476,,,,,,
146,4882.6,,,,,,,,,,8,373,328,,,,,,,8,880,476,,,,,,
147,4913.2,,,,,,,,,,8,373,328,,,,,,,8,881,477,,,,,,
148,4945.1,,,,,,,,,,8,373,328,,,,,,,8,880,476,,,,,,
149,4981.1,,,,,,,,,,8,373,328,,,,,,,8,881,476,,,,,,
150,5013.1,,,,,,,,,,8,373,328,,,,,,,8,881,476,,,,,,
151,5048.3,,,,,,,,,,8,373,328,,,,,,,8,881,477,,,,,,
152,5082.7,,,,,,,,,,8,373,328,,,,,,,8,881,477,,,,,,
153,5113.1,,,,,,,,,,8,373,328,,,,,,,8,881,476,,,,,,
154,5145.1,,,,,,,,,,8,373,328,,,,,,,8,880,476,,,,,,
155,5181.9,,,,,,,,,,8,373,328,,,,,,,7,880,476,,,,,,
156,5213.4,,,,,,,,,,8,373,328,,,,,,,8,880,476,,,,,,
157,5245.1,,,,,,,,,,8,373,328,,,,,,,8,880,476,,,,,,
158,5280.9,,,,,,,,,,8,373,328,,,,,,,8,880,476,,,,,,
159,5314.3,,,,,,,,,,8,373,328,,,,,,,8,880,476,,,,,,
160,5345.4,,,,,,,,,,8,373,328,,,,,,,8,881,477,,,,,,
161,5380.8,,,,,,,,,,8,373,328,,,,,,,8,880,477,,,,,,
162,5413.2,,,,,,,,,,8,373,328,,,,,,,8,881,477,,,,,,
163,5445.1,,,,,,,,,,8,373,328,,,,,,,8,881,477,,,,,,
164,5482.3,,,,,,,,,,8,373,328,,,,,,,8,881,477,,,,,,
165,5515.1,,,,,,,,,,8,373,328,,,,,,,8,880,476,,,,,,
166,5545.4,,,,,,,,,,8,373,328,,,,,,,7,878,479,,,,,,
167,5580.9,,,,,,,,,,8,371,328,,,,,,,8,876,483,,,,,,
168,5612.9,,,,,,,,,,8,370,329,,,,,,,8,873,487,,,,,,
169,5645.1,,,,,,,,,,8,369,329,,,,,,,7,870,495,,,,,,
170,5682.2,,,,,,,,,,8,369,331,,,,,,,7,865,508,,,,,,
171,5713.2,,,,,,,,,,8,370,333,,,,,,,7,859,527,,,,,,
172,5746.2,,,,,,,,,,8,370,335,,,,,,,7,852,547,,,,,,
173,5781.5,,,,,,,,,,8,370,337,,,,,,,7,845,565,,,,,,
174,5813.0,,,,,,,,,,8,371,340,,,,,,,7,837,583,,,,,,
175,5845.0,,,,,,,,,,8,370,343,,,,,,,7,828,601,,,,,,
176,5884.0,,,,,,,,,,8,370,346,,,,,,,7,821,618,,,,,,
177,5914.1,,,,,,,,,,8,370,349,,,,,,,7,812,634,,,,,,
178,5945.0,,,,,,,,,,8,370,353,,,,,,,7,804,651,,,,,,
179,5981.0,,,,,,,,,,8,370,357,,,,,,,7,795,666,,,,,,
180,6013.2,,,,,,,,,,8,369,361,,,,,,,7,786,682,,,,,,
181,6045.8,,,,,,,,,,8,369,365,,,,,,,7,777,697,,,,,,
182,6082.4,,,,,,,,,,8,368,370,,,,,,,8,767,711,,,,,,
183,6115.9,,,,,,,,,,8,367,374,,,,,,,7,758,726,,,,,,
184,6145.2,,,,,,,,,,8,366,379,,,,,,,7,749,739,,,,,,
185,6180.9,,,,,,,,,,8,365,384,,,,,,,7,739,752,,,,,,
186,6216.0,,,,,,,,,,8,363,388,,,,,,,7,730,764,,,,,,
187,6245.0,,,,,,,,,,8,361,392,,,,,,,7,720,776,,,,,,
188,6281.1,,,,,,,,,,8,359,397,,,,,,,7,710,787,,,,,,
189,6313.1,,,,,,,,,,8,357,401,,,,,,,7,701,798,,,,,,
190,6345.2,,,,,,,,,,8,354,405,,,,,,,7,690,809,,,,,,
191,6380.9,,,,,,,,,,8,352,409,,,,,,,7,680,819,,,,,,
192,6413.3,,,,,,,,,,8,349,413,,,,,,,7,670,829,,,,,,
193,6445.2,,,,,,,,,,8,347,417,,,,,,,7,660,837,,,,,,
194,6484.3,,,,,,,,,,8,343,420,,,,,,,7,651,847,,,,,,
195,6513.2,,,,,,,,,,8,341,423,,,,,,,7,641,855,,,,,,
196,6545.4,,,,,,,,,,8,338,426,,,,,,,7,631,862,,,,,,
197,6580.9,,,,,,,,,,8,336,430,,,,,,,7,622,869,,,,,,
198,6613.1,,,,,,,,,,8,332,432,,,,,,,7,612,876,,,,,,
199,6645.4,,,,,,,,,,8,329,434,,,,,,,7,606,880,,,,,,
200,6681.0,,,,,,,,,,8,324,434,,,,,,,7,605,877,,,,,,
201,6713.2,,,,,,,,,,8,319,433,,,,,,,7,603,874,,,,,,
202,6745.1,,,,,,,,,,8,315,433,,,,,,,7,601,872,,,,,,
203,6781.1,,,,,,,,,,8,311,432,,,,,,,8,600,869,,,,,,
204,6813.0,,,,,,,,,,8,306,432,,,,,,,8,599,867,,,,,,
205,6845.2,,,,,,,,,,8,303,431,,,,,,,7,598,865,,,,,,
206,6881.0,,,,,,,,,,8,299,430,,,,,,,7,596,863,,,,,,
207,6913.5,,,,,,,,,,8,295,430,,,,,,,8,594,861,,,,,,
208,6945.2,,,,,,,,,,8,293,430,,,,,,,7,594,859,,,,,,
209,6981.3,,,,,,,,,,8,289,429,,,,,,,7,592,857,,,,,,
210,7013.0,,,,,,,,,,8,286,428,,,,,,,7,591,856,,,,,,
211,7045.3,,,,,,,,,,8,283,428,,,,,,,7,589,854,,,,,,
212,7081.1,,,,,,,,,,9,281,427,,,,,,,7,588,853,,,,,,
213,7113.1,,,,,,,,,,8,279,427,,,,,,,8,587,851,,,,,,
214,7145.1,,,,,,,,,,8,276,427,,,,,,,7,586,850,,,,,,
215,7181.0,,,,,,,,,,8,275,426,,,,,,,7,585,849,,,,,,
216,7212.9,,,,,,,,,,8,274,426,,,,,,,7,584,848,,,,,,
217,7245.3,,,,,,,,,,8,272,426,,,,,,,7,583,848,,,,,,
218,7280.9,,,,,,,,,,8,271,425,,,,,,,8,583,848,,,,,,
219,7313.1,,,,,,,,,,8,270,425,,,,,,,7,582,847,,,,,,
220,7344.9,,,,,,,,,,8,269,424,,,,,,,7,582,847,,,,,,
221,7381.6,,,,,,,,,,8,269,424,,,,,,,7,581,846,,,,,,
222,7413.0,,,,,,,,,,8,269,424,,,,,,,7,582,845,,,,,,
223,7446.9,,,,,,,,,,8,268,424,,,,,,,7,581,846,,,,,,
224,7483.7,,,,,,,,,,8,268,424,,,,,,,8,581,845,,,,,,
225,7513.7,,,,,,,,,,8,268,423,,,,,,,7,581,845,,,,,,
226,7545.6,,,,,,,,,,9,269,424,,,,,,,7,581,845,,,,,,
227,7581.3,,,,,,,,,,8,268,424,,,,,,,7,581,845,,,,,,
228,7620.8,,,,,,,,,,8,268,424,,,,,,,7,581,845,,,,,,
229,7656.3,,,,,,,,,,8,268,424,,,,,,,8,581,846,,,,,,
230,7681.5,,,,,,,,,,8,268,424,,,,,,,8,581,846,,,,,,
231,7719.4,,,,,,,,,,8,268,423,,,,,,,8,581,846,,,,,,
232,7748.3,,,,,,,,,,8,268,424,,,,,,,7,582,846,,,,,,
233,7781.2,,,,,,,,,,8,269,424,,,,,,,8,581,845,,,,,,
234,7813.3,,,,,,,,,,8,269,424,,,,,,,7,581,845,,,,,,
235,7845.3,,,,,,,,,,8,269,424,,,,,,,7,581,845,,,,,,
236,7881.5,,,,,,,,,,8,268,424,,,,,,,7,581,845,,,,,,
237,7912.9,,,,,,,,,,8,268,424,,,,,,,7,581,845,,,,,,
238,7945.2,,,,,,,,,,8,268,424,,,,,,,8,581,845,,,,,,
239,7981.5,,,,,,,,,,9,269,424,,,,,,,7,581,846,,,,,,
240,8012.9,,,,,,,,,,8,268,424,,,,,,,7,582,846,,,,,,
241,8045.0,,,,,,,,,,8,269,424,,,,,,,7,582,846,,,,,,
242,8080.8,,,,,,,,,,8,268,424,,,,,,,7,582,846,,,,,,
243,8113.4,,,,,,,,,,8,268,424,,,,,,,7,582,845,,,,,,
244,8145.2,,,,,,,,,,9,268,423,,,,,,,7,581,845,,,,,,
245,8181.1,,,,,,,,,,8,269,423,,,,,,,7,581,845,,,,,,
246,8213.2,,,,,,,,,,8,267,423,,,,,,,7,581,843,,,,,,
247,8245.4,,,,,,,,,,8,267,422,,,,,,,8,581,843,,,,,,
248,8281.0,,,,,,,,,,8,266,422,,,,,,,8,581,843,,,,,,
249,8313.0,,,,,,,,,,8,266,422,,,,,,,8,581,843,,,,,,
250,8345.2,,,,,,,,,,8,266,421,,,,,,,7,582,842,,,,,,
251,8380.9,,,,,,,,,,8,266,422,,,,,,,7,582,841,,,,,,
252,8413.6,,,,,,,,,,8,267,422,,,,,,,7,583,840,,,,,,
253,8445.5,,,,,,,,,,8,267,422,,,,,,,7,586,839,,,,,,
254,8484.5,,,,,,,,,,8,267,422,,,,,,,7,588,837,,,,,,
255,8522.3,,,,,,,,,,8,268,422,,,,,,,7,593,835,,,,,,
256,8545.3,,,,,,,,,,8,269,423,,,,,,,7,598,833,,,,,,
257,8581.2,,,,,,,,,,8,269,424,,,,,,,7,601,831,,,,,,
258,8615.2,,,,,,,,,,8,269,424,,,,,,,7,605,828,,,,,,
259,8647.0,,,,,,,,,,8,269,423,,,,,,,7,607,824,,,,,,
260,8681.2,,,,,,,,,,8,268,423,,,,,,,8,611,820,,,,,,
261,8713.1,,,,,,,,,,8,268,422,,,,,,,7,614,816,,,,,,
262,8745.9,,,,,,,,,,8,267,421,,,,,,,7,618,810,,,,,,
263,8782.5,,,,,,,,,,8,267,420,,,,,,,7,623,805,,,,,,
264,8816.5,,,,,,,,,,8,266,419,,,,,,,7,628,798,,,,,,
265,8845.2,,,,,,,,,,8,265,417,,,,,,,7,634,790,,,,,,
266,8888.2,,,,,,,,,,8,264,415,,,,,,,7,639,781,,,,,,
267,8913.6,,,,,,,,,,8,263,413,,,,,,,7,646,771,,,,,,
268,8947.0,,,,,,,,,,8,262,411,,,,,,,7,653,760,,,,,,
269,8981.4,,,,,,,,,,8,264,408,,,,,,,7,660,752,,,,,,
270,9015.0,,,,,,,,,,8,268,404,,,,,,,7,667,744,,,,,,
271,9048.3,,,,,,,,,,8,272,400,,,,,,,7,673,737,,,,,,
272,9081.3,,,,,,,,,,8,276,396,,,,,,,7,680,730,,,,,,
273,9113.1,,,,,,,,,,8,280,392,,,,,,,7,687,723,,,,,,
274,9145.3,,,,,,,,,,8,283,389,,,,,,,7,693,716,,,,,,
275,9181.4,,,,,,,,,,8,287,385,,,,,,,7,700,710,,,,,,
276,9213.0,,,,,,,,,,8,290,381,,,,,,,7,706,703,,,,,,
277,9245.2,,,,,,,,,,8,294,378,,,,,,,7,711,696,,,,,,
278,9284.1,,,,,,,,,,8,297,374,,,,,,,7,716,690,,,,,,
279,9316.4,,,,,,,,,,9,300,370,,,,,,,7,721,683,,,,,,
280,9345.2,,,,,,,,,,8,302,368,,,,,,,7,726,677,,,,,,
281,9381.9,,,,,,,,,,8,304,365,,,,,,,7,731,671,,,,,,
282,9413.4,,,,,,,,,,8,307,363,,,,,,,7,735,665,,,,,,
283,9445.3,,,,,,,,,,8,308,360,,,,,,,7,739,659,,,,,,
284,9481.2,,,,,,,,,,8,310,358,,,,,,,7,743,654,,,,,,
285,9513.4,,,,,,,,,,8,311,355,,,,,,,7,746,649,,,,,,
286,9545.3,,,,,,,,,,9,313,353,,,,,,,7,750,644,,,,,,
287,9580.9,,,,,,,,,,8,313,352,,,,,,,7,752,639,,,,,,
288,9614.9,,,,,,,,,,8,314,350,,,,,,,8,756,635,,,,,,
289,9645.1,,,,,,,,,,8,315,348,,,,,,,7,758,631,,,,,,
290,9681.1,,,,,,,,,,8,316,347,,,,,,,7,760,627,,,,,,
291,9714.1,,,,,,,,,,8,317,346,,,,,,,7,762,623,,,,,,
292,9747.5,,,,,,,,,,9,317,344,,,,,,,7,765,619,,,,,,
293,9783.1,,,,,,,,,,8,318,343,,,,,,,7,767,616,,,,,,
294,9815.8,,,,,,,,,,8,318,342,,,,,,,7,768,612,,,,,,
295,9845.3,,,,,,,,,,9,319,341,,,,,,,7,769,609,,,,,,
296,9881.0,,,,,,,,,,8,319,340,,,,,,,7,772,607,,,,,,
297,9916.3,,,,,,,,,,8,319,339,,,,,,,8,773,605,,,,,,
298,9945.3,,,,,,,,,,8,320,338,,,,,,,7,774,602,,,,,,
299,9981.3,,,,,,,,,,8,320,338,,,,,,,7,775,600,,,,,,
300,10013.1,,,,,,,,,,8,320,337,,,,,,,7,776,599,,,,,,
301,10048.3,,,,,,,,,,8,321,337,,,,,,,7,777,598,,,,,,
302,10084.3,,,,,,,,,,8,321,336,,,,,,,8,778,597,,,,,,
303,10113.2,,,,,,,,,,8,321,336,,,,,,,7,778,596,,,,,,
304,10152.3,,,,,,,,,,8,321,336,,,,,,,7,778,596,,,,,,
305,10180.9,,,,,,,,,,8,321,336,,,,,,,7,778,594,,,,,,
306,10216.3,,,,,,,,,,8,321,336,,,,,,,7,778,594,,,,,,
307,10245.1,,,,,,,,,,8,321,335,,,,,,,7,779,595,,,,,,
308,10280.9,,,,,,,,,,8,321,335,,,,,,,7,778,595,,,,,,
309,10313.2,,,,,,,,,,9,321,335,,,,,,,7,777,596,,,,,,
310,10345.1,,,,,,,,,,8,322,337,,,,,,,7,778,599,,,,,,
311,10381.0,,,,,,,,,,8,325,339,,,,,,,7,779,604,,,,,,
312,10413.1,,,,,,,,,,8,327,341,,,,,,,8,780,609,,,,,,
313,10445.7,,,,,,,,,,8,330,344,,,,,,,8,781,614,,,,,,
314,10481.5,,,,,,,,,,8,331,346,,,,,,,7,781,618,,,,,,
315,10516.3,,,,,,,,,,8,334,348,,,,,,,8,782,622,,,,,,
316,10545.2,,,,,,,,,,8,335,350,,,,,,,7,782,626,,,,,,
317,10584.3,,,,,,,,,,8,336,352,,,,,,,7,783,629,,,,,,
318,10613.4,,,,,,,,,,8,338,354,,,,,,,7,784,632,,,,,,
319,10646.3,,,,,,,,,,8,339,356,,,,,,,7,784,635,,,,,,
320,10680.9,,,,,,,,,,8,340,357,,,,,,,8,784,638,,,,,,
321,10713.2,,,,,,,,,,8,340,359,,,,,,,8,785,640,,,,,,
322,10754.2,,,,,,,,,,8,341,360,,,,,,,8,785,643,,,,,,
323,10781.2,,,,,,,,,,8,341,362,,,,,,,8,784,644,,,,,,
324,10813.1,,,,,,,,,,8,342,363,,,,,,,7,784,646,,,,,,
325,10845.2,,,,,,,,,,8,341,363,,,,,,,7,783,647,,,,,,
326,10884.4,,,,,,,,,,8,341,364,,,,,,,7,783,648,,,,,,
327,10913.3,,,,,,,,,,8,341,364,,,,,,,8,782,650,,,,,,
328,10945.0,,,,,,,,,,8,340,365,,,,,,,7,781,650,,,,,,
329,10981.1,,,,,,,,,,8,341,365,,,,,,,7,781,651,,,,,,
330,11013.2,,,,,,,,,,8,340,365,,,,,,,7,780,652,,,,,,
331,11047.5,,,,,,,,,,8,340,365,,,,,,,7,780,652,,,,,,
332,11082.8,,,,,,,,,,8,340,366,,,,,,,7,780,653,,,,,,
333,11113.1,,,,,,,,,,8,341,366,,,,,,,8,779,657,,,,,,
334,11146.4,,,,,,,,,,8,343,369,,,,,,,7,780,663,,,,,,
335,11181.0,,,,,,,,,,8,348,373,,,,,,,7,783,670,,,,,,
336,11213.1,,,,,,,,,,8,355,377,,,,,,,7,788,676,,,,,,
337,11245.1,,,,,,,,,,8,361,382,,,,,,,7,792,684,,,,,,
338,11282.6,,,,,,,,,,8,367,387,,,,,,,7,797,690,,,,,,
339,11313.4,,,,,,,,,,8,372,391,,,,,,,7,801,696,,,,,,
340,11345.6,,,,,,,,,,8,377,396,,,,,,,7,805,702,,,,,,
341,11381.2,,,,,,,,,,8,382,400,,,,,,,7,809,708,,,,,,
342,11413.1,,,,,,,,,,8,386,404,,,,,,,7,812,713,,,,,,
343,11448.4,,,,,,,,,,8,390,408,,,,,,,7,816,719,,,,,,
344,11480.8,,,,,,,,,,8,394,412,,,,,,,7,819,724,,,,,,
345,11513.2,,,,,,,,,,8,397,415,,,,,,,8,822,729,,,,,,
346,11545.1,,,,,,,,,,8,401,419,,,,,,,7,824,733,,,,,,
347,11581.2,,,,,,,,,,8,403,422,,,,,,,7,826,737,,,,,,
348,11613.0,,,,,,,,,,8,405,425,,,,,,,7,828,740,,,,,,
349,11645.2,,,,,,,,,,8,408,427,,,,,,,8,829,743,,,,,,
350,11681.7,,,,,,,,,,8,409,429,,,,,,,7,830,745,,,,,,
351,11713.3,,,,,,,,,,8,410,431,,,,,,,8,832,747,,,,,,
352,11745.1,,,,,,,,,,8,411,433,,,,,,,8,832,749,,,,,,
353,11783.8,,,,,,,,,,8,412,434,,,,,,,8,833,750,,,,,,
354,11813.4,,,,,,,,,,8,412,435,,,,,,,7,833,752,,,,,,
355,11845.2,,,,,,,,,,8,412,436,,,,,,,8,833,753,,,,,,
356,11881.5,,,,,,,,,,8,412,436,,,,,,,7,833,753,,,,,,
357,11913.4,,,,,,,,,,8,413,436,,,,,,,8,833,754,,,,,,
358,11945.5,,,,,,,,,,8,413,436,,,,,,,8,833,753,,,,,,
359,11981.0,,,,,,,,,,8,412,436,,,,,,,7,833,753,,,,,,
360,12013.6,,,,,,,,,,8,412,436,,,,,,,7,833,753,,,,,,
361,12045.3,,,,,,,,,,8,412,436,,,,,,,8,833,753,,,,,,
362,12081.5,,,,,,,,,,8,412,436,,,,,,,8,833,752,,,,,,
363,12113.3,,,,,,,,,,8,412,436,,,,,,,8,833,753,,,,,,
364,12145.2,,,,,,,,,,8,412,436,,,,,,,8,833,752,,,,,,
365,12181.3,,,,,,,,,,8,412,435,,,,,,,8,833,753,,,,,,
366,12213.5,,,,,,,,,,8,412,436,,,,,,,8,833,753,,,,,,
367,12245.0,,,,,,,,,,8,412,436,,,,,,,7,833,753,,,,,,
368,12281.3,,,,,,,,,,8,413,436,,,,,,,8,833,753,,,,,,
369,12313.3,,,,,,,,,,8,412,436,,,,,,,8,833,753,,,,,,
370,12344.9,,,,,,,,,,8,412,436,,,,,,,7,833,753,,,,,,
371,12380.9,,,,,,,,,,8,412,436,,,,,,,8,833,753,,,,,,
372,12414.2,,,,,,,,,,8,412,436,,,,,,,8,833,753,,,,,,
373,12449.0,,,,,,,,,,8,412,436,,,,,,,7,832,753,,,,,,
374,12481.2,,,,,,,,,,8,413,436,,,,,,,8,831,756,,,,,,
375,12513.1,,,,,,,,,,8,414,438,,,,,,,8,830,760,,,,,,
376,12545.2,,,,,,,,,,8,415,440,,,,,,,8,828,766,,,,,,
377,12584.3,,,,,,,,,,8,417,442,,,,,,,8,827,774,,,,,,
378,12612.9,,,,,,,,,,8,418,444,,,,,,,8,824,780,,,,,,
379,12645.1,,,,,,,,,,8,419,446,,,,,,,7,822,787,,,,,,
380,12684.4,,,,,,,,,,8,420,449,,,,,,,8,820,793,,,,,,
381,12713.0,,,,,,,,,,8,420,451,,,,,,,7,817,797,,,,,,
382,12745.3,,,,,,,,,,8,420,453,,,,,,,8,815,802,,,,,,
383,12781.0,,,,,,,,,,8,419,455,,,,,,,7,812,806,,,,,,
384,12816.3,,,,,,,,,,8,419,457,,,,,,,7,810,810,,,,,,
385,12845.1,,,,,,,,,,8,418,458,,,,,,,8,808,813,,,,,,
386,12881.2,,,,,,,,,,8,417,459,,,,,,,7,805,816,,,,,,
387,12914.0,,,,,,,,,,8,416,461,,,,,,,7,803,818,,,,,,
388,12945.4,,,,,,,,,,8,415,461,,,,,,,8,800,821,,,,,,
389,12981.5,,,,,,,,,,8,414,463,,,,,,,8,798,823,,,,,,
390,13013.0,,,,,,,,,,8,414,464,,,,,,,8,797,825,,,,,,
391,13045.6,,,,,,,,,,8,413,464,,,,,,,8,795,827,,,,,,
392,13081.7,,,,,,,,,,9,412,464,,,,,,,7,792,830,,,,,,
393,13113.1,,,,,,,,,,9,412,466,,,,,,,8,791,831,,,,,,
394,13145.5,,,,,,,,,,8,411,466,,,,,,,7,790,833,,,,,,
395,13181.0,,,,,,,,,,8,411,466,,,,,,,7,788,834,,,,,,
396,13213.2,,,,,,,,,,8,410,467,,,,,,,8,787,835,,,,,,
397,13245.6,,,,,,,,,,8,409,467,,,,,,,8,787,836,,,,,,
398,13281.0,,,,,,,,,,8,410,468,,,,,,,8,786,837,,,,,,
399,13313.1,,,,,,,,,,8,409,468,,,,,,,7,784,838,,,,,,
400,13345.3,,,,,,,,,,8,408,468,,,,,,,8,780,841,,,,,,
401,13383.9,,,,,,,,,,8,407,469,,,,,,,8,776,844,,,,,,
402,13413.2,,,,,,,,,,8,406,469,,,,,,,7,773,847,,,,,,
403,13445.2,,,,,,,,,,8,405,470,,,,,,,8,770,850,,,,,,
404,13481.3,,,,,,,,,,8,403,471,,,,,,,8,766,854,,,,,,
405,13513.7,,,,,,,,,,8,402,472,,,,,,,8,762,856,,,,,,
406,13545.1,,,,,,,,,,8,401,473,,,,,,,8,759,859,,,,,,
407,13581.2,,,,,,,,,,8,399,474,,,,,,,8,755,862,,,,,,
408,13614.1,,,,,,,,,,8,398,475,,,,,,,7,752,865,,,,,,
409,13645.2,,,,,,,,,,8,397,476,,,,,,,8,748,869,,,,,,
410,13683.3,,,,,,,,,,8,397,479,,,,,,,8,743,876,,,,,,
411,13713.2,,,,,,,,,,8,397,482,,,,,,,8,739,884,,,,,,
412,13745.2,,,,,,,,,,8,398,486,,,,,,,7,736,892,,,,,,
413,13780.9,,,,,,,,,,8,398,490,,,,,,,8,732,899,,,,,,
414,13813.1,,,,,,,,,,8,397,492,,,,,,,8,733,897,,,,,,
415,13845.1,,,,,,,,,,8,394,493,,,,,,,7,735,895,,,,,,
416,13881.0,,,,,,,,,,8,392,493,,,,,,,7,736,893,,,,,,
417,13913.0,,,,,,,,,,8,390,494,,,,,,,7,736,891,,,,,,
418,13946.7,,,,,,,,,,8,388,494,,,,,,,8,736,890,,,,,,
419,13981.0,,,,,,,,,,8,387,494,,,,,,,8,736,888,,,,,,
420,14013.3,,,,,,,,,,8,386,494,,,,,,,8,736,887,,,,,,
421,14044.9,,,,,,,,,,8,385,494,,,,,,,8,736,886,,,,,,
422,14081.6,,,,,,,,,,8,384,493,,,,,,,8,736,886,,,,,,
423,14113.4,,,,,,,,,,8,384,493,,,,,,,7,735,886,,,,,,
424,14152.6,,,,,,,,,,8,384,492,,,,,,,8,735,886,,,,,,
425,14181.7,,,,,,,,,,8,384,493,,,,,,,8,735,885,,,,,,
426,14213.1,,,,,,,,,,8,384,492,,,,,,,8,736,885,,,,,,
427,14245.1,,,,,,,,,,8,383,491,,,,,,,8,735,882,,,,,,
428,14281.0,,,,,,,,,,8,381,489,,,,,,,7,736,877,,,,,,
429,14313.3,,,,,,,,,,8,378,485,,,,,,,8,735,870,,,,,,
430,14353.4,,,,,,,,,,8,374,481,,,,,,,7,734,863,,,,,,
431,14381.4,,,,,,,,,,8,370,476,,,,,,,7,732,855,,,,,,
432,14413.5,,,,,,,,,,8,365,470,,,,,,,7,729,845,,,,,,
433,14445.2,,,,,,,,,,8,357,462,,,,,,,7,725,834,,,,,,
434,14481.0,,,,,,,,,,8,349,453,,,,,,,7,720,820,,,,,,
435,14513.7,,,,,,,,,,8,341,445,,,,,,,7,717,806,,,,,,
436,14545.6,,,,,,,,,,8,332,435,,,,,,,7,713,793,,,,,,
437,14581.0,,,,,,,,,,8,325,426,,,,,,,7,709,779,,,,,,
438,14614.1,,,,,,,,,,8,317,417,,,,,,,7,705,767,,,,,,
439,14645.8,,,,,,,,,,8,309,408,,,,,,,7,701,753,,,,,,
440,14682.5,,,,,,,,,,8,301,399,,,,,,,7,696,740,,,,,,
441,14713.2,,,,,,,,,,8,294,391,,,,,,,7,692,728,,,,,,
442,14745.4,,,,,,,,,,8,285,382,,,,,,,7,688,714,,,,,,
443,14781.4,,,,,,,,,,8,277,373,,,,,,,7,683,702,,,,,,
444,14813.2,,,,,,,,,,8,271,365,,,,,,,7,679,692,,,,,,
445,14845.5,,,,,,,,,,8,273,356,,,,,,,7,680,686,,,,,,
446,14881.0,,,,,,,,,,8,276,348,,,,,,,7,680,681,,,,,,
447,14913.0,,,,,,,,,,8,277,339,,,,,,,7,680,675,,,,,,
448,14945.5,,,,,,,,,,8,280,331,,,,,,,7,681,670,,,,,,
449,14982.4,,,,,,,,,,8,282,323,,,,,,,7,681,664,,,,,,
450,15013.7,,,,,,,,,,8,284,315,,,,,,,7,681,659,,,,,,
451,15045.2,,,,,,,,,,8,286,308,,,,,,,7,681,653,,,,,,
452,15081.3,,,,,,,,,,8,288,301,,,,,,,7,681,648,,,,,,
453,15113.3,,,,,,,,,,8,289,293,,,,,,,7,681,644,,,,,,
454,15147.7,,,,,,,,,,8,291,287,,,,,,,7,680,638,,,,,,
455,15181.3,,,,,,,,,,8,292,281,,,,,,,7,681,635,,,,,,
456,15213.4,,,,,,,,,,8,293,275,,,,,,,7,681,631,,,,,,
457,15252.3,,,,,,,,,,8,294,270,,,,,,,7,681,627,,,,,,
458,15282.4,,,,,,,,,,8,296,266,,,,,,,7,680,624,,,,,,
459,15313.4,,,,,,,,,,8,296,261,,,,,,,7,680,621,,,,,,
460,15352.4,,,,,,,,,,8,297,257,,,,,,,7,680,618,,,,,,
461,15381.4,,,,,,,,,,8,298,253,,,,,,,7,680,616,,,,,,
462,15413.8,,,,,,,,,,8,299,250,,,,,,,7,679,614,,,,,,
463,15445.4,,,,,,,,,,8,299,247,,,,,,,7,679,611,,,,,,
464,15481.0,,,,,,,,,,8,300,244,,,,,,,8,679,609,,,,,,
465,15513.3,,,,,,,,,,8,300,242,,,,,,,7,679,608,,,,,,
466,15546.2,,,,,,,,,,8,300,240,,,,,,,7,678,607,,,,,,
467,15581.4,,,,,,,,,,8,300,241,,,,,,,7,679,606,,,,,,
468,15613.1,,,,,,,,,,8,300,241,,,,,,,7,680,606,,,,,,
469,15646.1,,,,,,,,,,8,300,241,,,,,,,7,680,605,,,,,,
470,15681.4,,,,,,,,,,8,300,241,,,,,,,7,680,606,,,,,,
471,15713.3,,,,,,,,,,8,300,240,,,,,,,7,680,606,,,,,,
472,15745.2,,,,,,,,,,8,300,240,,,,,,,7,680,606,,,,,,
473,15781.4,,,,,,,,,,8,300,241,,,,,,,7,681,606,,,,,,
474,15815.5,,,,,,,,,,8,300,241,,,,,,,7,680,606,,,,,,
475,15847.4,,,,,,,,,,8,300,241,,,,,,,7,680,605,,,,,,
476,15883.1,,,,,,,,,,8,300,241,,,,,,,7,680,606,,,,,,
477,15913.1,,,,,,,,,,8,300,241,,,,,,,7,680,605,,,,,,
478,15945.2,,,,,,,,,,8,300,240,,,,,,,7,680,605,,,,,,
479,15981.2,,,,,,,,,,8,300,241,,,,,,,7,680,606,,,,,,
480,16013.2,,,,,,,,,,8,300,241,,,,,,,7,680,605,,,,,,
481,16045.9,,,,,,,,,,8,300,241,,,,,,,7,680,606,,,,,,
482,16081.3,,,,,,,,,,8,300,241,,,,,,,7,680,606,,,,,,
483,16113.3,,,,,,,,,,8,300,241,,,,,,,7,680,606,,,,,,
484,16145.1,,,,,,,,,,8,300,241,,,,,,,7,680,606,,,,,,
485,16181.0,,,,,,,,,,8,300,240,,,,,,,7,680,605,,,,,,
486,16213.4,,,,,,,,,,8,300,240,,,,,,,7,679,606,,,,,,
487,16245.0,,,,,,,,,,8,300,241,,,,,,,7,678,608,,,,,,
488,16280.9,,,,,,,,,,8,301,243,,,,,,,7,679,610,,,,,,
489,16313.3,,,,,,,,,,8,304,245,,,,,,,7,683,614,,,,,,
490,16348.3,,,,,,,,,,8,308,251,,,,,,,7,687,621,,,,,,
491,16384.2,,,,,,,,,,8,316,260,,,,,,,7,695,629,,,,,,
492,16416.3,,,,,,,,,,8,326,270,,,,,,,7,705,641,,,,,,
493,16445.3,,,,,,,,,,8,336,281,,,,,,,7,715,651,,,,,,
494,16484.3,,,,,,,,,,8,347,292,,,,,,,7,725,662,,,,,,
495,16513.1,,,,,,,,,,8,356,303,,,,,,,7,734,672,,,,,,
496,16545.6,,,,,,,,,,8,366,313,,,,,,,7,744,682,,,,,,
497,16584.2,,,,,,,,,,8,374,322,,,,,,,7,752,692,,,,,,
498,16616.3,,,,,,,,,,8,382,332,,,,,,,7,761,701,,,,,,
499,16648.3,,,,,,,,,,8,391,341,,,,,,,7,768,710,,,,,,
500,16681.2,,,,,,,,,,8,398,350,,,,,,,7,775,719,,,,,,
501,16713.1,,,,,,,,,,8,405,358,,,,,,,7,783,727,,,,,,
502,16745.3,,,,,,,,,,8,412,367,,,,,,,7,790,736,,,,,,
503,16783.1,,,,,,,,,,8,419,375,,,,,,,7,797,743,,,,,,
504,16813.2,,,,,,,,,,8,425,382,,,,,,,7,803,751,,,,,,
505,16845.4,,,,,,,,,,8,431,389,,,,,,,7,809,759,,,,,,
506,16881.3,,,,,,,,,,8,437,396,,,,,,,8,815,765,,,,,,
507,16913.2,,,,,,,,,,8,442,403,,,,,,,8,821,772,,,,,,
508,16945.2,,,,,,,,,,8,448,410,,,,,,,7,826,778,,,,,,
509,16983.6,,,,,,,,,,8,451,416,,,,,,,7,830,785,,,,,,
510,17019.5,,,,,,,,,,8,456,421,,,,,,,8,835,791,,,,,,
511,17048.3,,,,,,,,,,8,460,427,,,,,,,8,839,796,,,,,,
512,17081.2,,,,,,,,,,8,463,431,,,,,,,8,842,801,,,,,,
513,17113.4,,,,,,,,,,8,467,436,,,,,,,8,846,806,,,,,,
514,17145.5,,,,,,,,,,8,470,440,,,,,,,8,849,810,,,,,,
515,17181.5,,,,,,,,,,8,473,444,,,,,,,7,851,814,,,,,,
516,17213.5,,,,,,,,,,8,475,448,,,,,,,8,853,818,,,,,,
517,17245.3,,,,,,,,,,8,477,450,,,,,,,8,856,821,,,,,,
518,17281.4,,,,,,,,,,8,479,453,,,,,,,8,857,824,,,,,,
519,17313.2,,,,,,,,,,8,480,455,,,,,,,8,858,825,,,,,,
520,17345.6,,,,,,,,,,8,481,457,,,,,,,8,859,827,,,,,,
521,17380.9,,,,,,,,,,8,481,458,,,,,,,8,859,829,,,,,,
522,17414.2,,,,,,,,,,8,481,459,,,,,,,8,859,830,,,,,,
523,17448.7,,,,,,,,,,8,481,460,,,,,,,8,859,830,,,,,,
524,17481.5,,,,,,,,,,8,481,460,,,,,,,8,859,831,,,,,,
525,17516.3,,,,,,,,,,8,481,460,,,,,,,8,859,831,,,,,,
526,17545.5,,,,,,,,,,8,482,460,,,,,,,8,859,830,,,,,,
527,17581.3,,,,,,,,,,8,482,460,,,,,,,8,859,831,,,,,,
528,17616.4,,,,,,,,,,8,481,460,,,,,,,7,859,831,,,,,,
529,17645.4,,,,,,,,,,8,482,460,,,,,,,8,859,831,,,,,,
530,17681.3,,,,,,,,,,8,482,460,,,,,,,8,859,831,,,,,,
531,17713.1,,,,,,,,,,8,481,460,,,,,,,8,858,830,,,,,,
532,17748.3,,,,,,,,,,8,481,459,,,,,,,8,857,830,,,,,,
533,17781.2,,,,,,,,,,8,480,459,,,,,,,8,855,831,,,,,,
534,17813.2,,,,,,,,,,8,479,459,,,,,,,8,853,832,,,,,,
535,17848.4,,,,,,,,,,8,479,459,,,,,,,8,852,834,,,,,,
536,17881.1,,,,,,,,,,8,479,461,,,,,,,8,850,836,,,,,,
537,17913.2,,,,,,,,,,8,478,461,,,,,,,8,849,838,,,,,,
538,17945.0,,,,,,,,,,8,477,462,,,,,,,8,847,839,,,,,,
539,17981.3,,,,,,,,,,8,477,462,,,,,,,8,846,841,,,,,,
540,18013.5,,,,,,,,,,8,476,463,,,,,,,8,845,842,,,,,,
541,18045.0,,,,,,,,,,8,475,463,,,,,,,8,844,843,,,,,,
542,18081.0,,,,,,,,,,8,475,464,,,,,,,8,842,844,,,,,,
543,18115.0,,,,,,,,,,8,475,464,,,,,,,8,840,847,,,,,,
544,18147.8,,,,,,,,,,8,474,466,,,,,,,8,838,849,,,,,,
545,18181.1,,,,,,,,,,8,473,467,,,,,,,8,834,852,,,,,,
546,18213.3,,,,,,,,,,8,472,468,,,,,,,8,832,855,,,,,,
547,18256.9,,,,,,,,,,8,470,469,,,,,,,8,827,859,,,,,,
548,18282.2,,,,,,,,,,8,469,470,,,,,,,8,822,861,,,,,,
549,18313.3,,,,,,,,,,8,467,470,,,,,,,7,817,864,,,,,,
550,18345.2,,,,,,,,,,8,463,469,,,,,,,8,811,866,,,,,,
551,18381.9,,,,,,,,,,8,459,467,,,,,,,8,803,867,,,,,,
552,18413.5,,,,,,,,,,8,454,464,,,,,,,8,794,866,,,,,,
553,18445.3,,,,,,,,,,8,449,462,,,,,,,8,787,866,,,,,,
554,18481.2,,,,,,,,,,8,444,459,,,,,,,8,779,864,,,,,,
555,18513.4,,,,,,,,,,8,438,456,,,,,,,8,772,862,,,,,,
556,18547.5,,,,,,,,,,8,433,453,,,,,,,8,765,859,,,,,,
557,18581.3,,,,,,,,,,8,427,449,,,,,,,8,758,857,,,,,,
558,18613.2,,,,,,,,,,8,424,447,,,,,,,8,752,855,,,,,,
559,18645.4,,,,,,,,,,8,418,443,,,,,,,7,745,853,,,,,,
560,18681.5,,,,,,,,,,8,414,440,,,,,,,8,739,851,,,,,,
561,18713.3,,,,,,,,,,8,409,438,,,,,,,8,732,850,,,,,,
562,18745.2,,,,,,,,,,8,404,435,,,,,,,8,727,849,,,,,,
563,18782.4,,,,,,,,,,8,400,432,,,,,,,8,721,847,,,,,,
564,18820.3,,,,,,,,,,8,396,430,,,,,,,8,715,845,,,,,,
565,18845.7,,,,,,,,,,8,391,428,,,,,,,7,709,844,,,,,,
566,18881.6,,,,,,,,,,8,387,425,,,,,,,7,704,843,,,,,,
567,18913.6,,,,,,,,,,8,383,423,,,,,,,7,699,841,,,,,,
568,18945.4,,,,,,,,,,8,379,421,,,,,,,7,694,840,,,,,,
569,18981.1,,,,,,,,,,8,376,419,,,,,,,8,689,838,,,,,,
570,19013.3,,,,,,,,,,8,372,417,,,,,,,7,684,838,,,,,,
571,19045.1,,,,,,,,,,8,369,415,,,,,,,7,679,837,,,,,,
572,19082.4,,,,,,,,,,8,366,413,,,,,,,7,675,836,,,,,,
573,19116.9,,,,,,,,,,8,362,411,,,,,,,8,671,835,,,,,,
574,19155.4,,,,,,,,,,8,359,410,,,,,,,8,667,834,,,,,,
575,19181.4,,,,,,,,,,8,356,408,,,,,,,7,664,833,,,,,,
576,19213.4,,,,,,,,,,8,354,407,,,,,,,8,660,832,,,,,,
577,19245.5,,,,,,,,,,8,351,405,,,,,,,7,656,831,,,,,,
578,19281.4,,,,,,,,,,8,348,404,,,,,,,7,654,831,,,,,,
579,19313.5,,,,,,,,,,8,346,403,,,,,,,7,651,829,,,,,,
580,19345.4,,,,,,,,,,8,344,402,,,,,,,7,648,829,,,,,,
581,19381.4,,,,,,,,,,8,342,401,,,,,,,7,646,827,,,,,,
582,19413.3,,,,,,,,,,8,341,400,,,,,,,7,644,827,,,,,,
583,19445.5,,,,,,,,,,8,339,399,,,,,,,7,642,827,,,,,,
584,19481.2,,,,,,,,,,8,337,398,,,,,,,7,641,826,,,,,,
585,19513.4,,,,,,,,,,8,336,398,,,,,,,8,640,826,,,,,,
586,19545.3,,,,,,,,,,8,336,398,,,,,,,7,639,826,,,,,,
587,19581.5,,,,,,,,,,8,335,397,,,,,,,8,638,825,,,,,,
588,19613.2,,,,,,,,,,8,334,397,,,,,,,7,637,825,,,,,,
589,19645.8,,,,,,,,,,8,333,396,,,,,,,7,637,825,,,,,,
590,19681.6,,,,,,,,,,8,334,396,,,,,,,7,636,824,,,,,,
591,19712.9,,,,,,,,,,8,333,396,,,,,,,7,637,825,,,,,,
592,19747.4,,,,,,,,,,8,333,396,,,,,,,8,637,824,,,,,,
593,19781.4,,,,,,,,,,8,333,396,,,,,,,7,636,824,,,,,,
594,19814.8,,,,,,,,,,8,333,396,,,,,,,7,637,825,,,,,,
595,19846.7,,,,,,,,,,8,333,396,,,,,,,8,637,824,,,,,,
596,19884.0,,,,,,,,,,8,334,396,,,,,,,8,637,824,,,,,,
597,19913.3,,,,,,,,,,8,334,396,,,,,,,8,637,824,,,,,,
598,19945.5,,,,,,,,,,8,334,396,,,,,,,8,637,825,,,,,,
599,19981.1,,,,,,,,,,8,334,396,,,,,,,8,637,824,,,,,,
600,20013.6,,,,,,,,,,8,333,396,,,,,,,8,637,825,,,,,,
601,20045.3,,,,,,,,,,8,333,396,,,,,,,8,637,825,,,,,,
602,20081.2,,,,,,,,,,8,333,396,,,,,,,7,637,824,,,,,,
603,20113.5,,,,,,,,,,8,333,396,,,,,,,7,636,824,,,,,,
604,20145.3,,,,,,,,,,8,334,396,,,,,,,7,636,824,,,,,,
605,20181.3,,,,,,,,,,8,333,397,,,,,,,8,637,824,,,,,,
606,20217.0,,,,,,,,,,8,334,397,,,,,,,7,637,824,,,,,,
607,20248.4,,,,,,,,,,8,333,396,,,,,,,7,637,825,,,,,,
608,20281.5,,,,,,,,,,8,334,396,,,,,,,7,637,825,,,,,,
609,20313.3,,,,,,,,,,8,334,396,,,,,,,8,637,824,,,,,,
610,20348.3,,,,,,,,,,8,334,396,,,,,,,8,637,824,,,,,,
611,20381.9,,,,,,,,,,8,334,397,,,,,,,8,637,825,,,,,,
612,20413.4,,,,,,,,,,8,333,396,,,,,,,8,637,825,,,,,,
613,20445.4,,,,,,,,,,8,333,396,,,,,,,7,636,824,,,,,,
614,20481.8,,,,,,,,,,8,333,397,,,,,,,8,637,824,,,,,,
615,20513.7,,,,,,,,,,8,333,396,,,,,,,8,637,824,,,,,,
616,20547.8,,,,,,,,,,8,334,396,,,,,,,8,637,824,,,,,,
617,20581.3,,,,,,,,,,8,333,397,,,,,,,7,636,824,,,,,,
618,20613.2,,,,,,,,,,8,334,396,,,,,,,7,636,824,,,,,,
619,20645.6,,,,,,,,,,8,334,396,,,,,,,7,637,825,,,,,,
620,20681.5,,,,,,,,,,8,334,396,,,,,,,8,637,824,,,,,,
621,20713.4,,,,,,,,,,8,334,396,,,,,,,8,637,825,,,,,,
622,20745.3,,,,,,,,,,8,333,396,,,,,,,7,637,824,,,,,,
623,20781.2,,,,,,,,,,8,332,395,,,,,,,7,639,819,,,,,,
624,20813.4,,,,,,,,,,8,330,392,,,,,,,7,642,813,,,,,,
625,20845.3,,,,,,,,,,8,329,390,,,,,,,8,649,806,,,,,,
626,20881.1,,,,,,,,,,8,328,388,,,,,,,7,655,797,,,,,,
627,20913.4,,,,,,,,,,8,327,387,,,,,,,7,665,787,,,,,,
628,20948.6,,,,,,,,,,8,327,385,,,,,,,7,676,776,,,,,,
629,20982.9,,,,,,,,,,8,328,384,,,,,,,7,687,766,,,,,,
630,21013.2,,,,,,,,,,8,328,383,,,,,,,7,697,754,,,,,,
631,21045.5,,,,,,,,,,8,329,381,,,,,,,7,708,744,,,,,,
632,21081.0,,,,,,,,,,8,330,380,,,,,,,7,718,733,,,,,,
633,21113.1,,,,,,,,,,8,331,379,,,,,,,7,727,722,,,,,,
634,21148.3,,,,,,,,,,8,332,377,,,,,,,7,736,711,,,,,,
635,21181.2,,,,,,,,,,8,333,375,,,,,,,7,744,701,,,,,,
636,21216.3,,,,,,,,,,8,335,373,,,,,,,7,752,690,,,,,,
637,21245.1,,,,,,,,,,8,336,371,,,,,,,8,760,680,,,,,,
638,21281.1,,,,,,,,,,8,337,369,,,,,,,7,767,670,,,,,,
639,21316.4,,,,,,,,,,8,339,367,,,,,,,7,774,661,,,,,,
640,21345.3,,,,,,,,,,8,341,364,,,,,,,7,780,651,,,,,,
641,21381.1,,,,,,,,,,8,342,361,,,,,,,7,786,642,,,,,,
642,21413.3,,,,,,,,,,8,344,359,,,,,,,7,792,633,,,,,,
643,21445.4,,,,,,,,,,8,346,356,,,,,,,7,797,624,,,,,,
644,21481.1,,,,,,,,,,8,347,353,,,,,,,7,803,615,,,,,,
645,21513.2,,,,,,,,,,8,348,350,,,,,,,7,807,607,,,,,,
646,21545.3,,,,,,,,,,8,349,347,,,,,,,7,811,599,,,,,,
647,21581.3,,,,,,,,,,8,351,345,,,,,,,7,815,591,,,,,,
648,21613.4,,,,,,,,,,8,351,343,,,,,,,7,819,583,,,,,,
649,21645.7,,,,,,,,,,8,352,340,,,,,,,7,822,577,,,,,,
650,21681.2,,,,,,,,,,8,354,338,,,,,,,8,826,570,,,,,,
651,21713.5,,,,,,,,,,8,354,335,,,,,,,7,828,563,,,,,,
652,21745.5,,,,,,,,,,8,355,332,,,,,,,8,831,557,,,,,,
653,21784.4,,,,,,,,,,8,356,330,,,,,,,8,834,551,,,,,,
654,21813.1,,,,,,,,,,8,357,328,,,,,,,8,837,545,,,,,,
655,21845.4,,,,,,,,,,8,358,326,,,,,,,8,839,540,,,,,,
656,21882.6,,,,,,,,,,8,359,324,,,,,,,7,840,535,,,,,,
657,21915.4,,,,,,,,,,8,359,322,,,,,,,8,843,530,,,,,,
658,21945.9,,,,,,,,,,8,360,320,,,,,,,8,845,525,,,,,,
659,21981.5,,,,,,,,,,8,360,318,,,,,,,8,846,521,,,,,,
660,22016.3,,,,,,,,,,8,360,316,,,,,,,7,847,517,,,,,,
661,22049.0,,,,,,,,,,8,361,315,,,,,,,8,848,513,,,,,,
662,22081.0,,,,,,,,,,8,361,314,,,,,,,8,850,510,,,,,,
663,22115.9,,,,,,,,,,8,361,312,,,,,,,8,851,507,,,,,,
664,22145.2,,,,,,,,,,8,361,311,,,,,,,7,851,505,,,,,,
665,22181.1,,,,,,,,,,8,361,310,,,,,,,8,852,502,,,,,,
666,22213.4,,,,,,,,,,8,361,309,,,,,,,8,852,500,,,,,,
667,22245.4,,,,,,,,,,8,361,308,,,,,,,8,853,498,,,,,,
668,22281.3,,,,,,,,,,8,361,307,,,,,,,8,853,497,,,,,,
669,22313.6,,,,,,,,,,8,361,307,,,,,,,8,853,496,,,,,,
670,22345.3,,,,,,,,,,8,361,306,,,,,,,7,853,495,,,,,,
671,22381.7,,,,,,,,,,8,360,306,,,,,,,8,853,495,,,,,,
672,22413.3,,,,,,,,,,8,361,306,,,,,,,8,852,495,,,,,,
673,22445.4,,,,,,,,,,8,360,306,,,,,,,8,853,495,,,,,,
674,22481.3,,,,,,,,,,8,360,306,,,,,,,8,852,495,,,,,,
675,22513.2,,,,,,,,,,8,360,306,,,,,,,8,852,497,,,,,,
676,22545.3,,,,,,,,,,8,359,306,,,,,,,7,850,500,,,,,,
677,22581.3,,,,,,,,,,8,357,307,,,,,,,8,847,502,,,,,,
678,22613.3,,,,,,,,,,8,356,308,,,,,,,8,845,506,,,,,,
679,22645.3,,,,,,,,,,8,356,309,,,,,,,8,842,513,,,,,,
680,22681.2,,,,,,,,,,8,358,312,,,,,,,7,840,526,,,,,,
681,22713.5,,,,,,,,,,8,361,315,,,,,,,7,838,541,,,,,,
682,22745.4,,,,,,,,,,8,365,320,,,,,,,7,836,558,,,,,,
683,22781.4,,,,,,,,,,8,370,324,,,,,,,8,834,574,,,,,,
684,22813.6,,,,,,,,,,8,374,329,,,,,,,8,833,591,,,,,,
685,22845.3,,,,,,,,,,8,378,334,,,,,,,7,829,607,,,,,,
686,22881.0,,,,,,,,,,8,382,339,,,,,,,7,827,622,,,,,,
687,22913.4,,,,,,,,,,8,386,344,,,,,,,7,824,637,,,,,,
688,22945.5,,,,,,,,,,8,389,349,,,,,,,7,821,651,,,,,,
689,22981.4,,,,,,,,,,8,392,354,,,,,,,7,818,665,,,,,,
690,23013.1,,,,,,,,,,8,395,359,,,,,,,7,814,679,,,,,,
691,23045.3,,,,,,,,,,8,397,364,,,,,,,8,810,693,,,,,,
692,23081.1,,,,,,,,,,8,400,370,,,,,,,7,806,705,,,,,,
693,23113.4,,,,,,,,,,8,402,375,,,,,,,8,803,718,,,,,,
694,23145.1,,,,,,,,,,8,403,380,,,,,,,7,798,729,,,,,,
695,23181.4,,,,,,,,,,8,405,385,,,,,,,8,793,740,,,,,,
696,23213.4,,,,,,,,,,8,406,390,,,,,,,8,789,751,,,,,,
697,23246.8,,,,,,,,,,8,407,395,,,,,,,8,785,762,,,,,,
698,23281.3,,,,,,,,,,8,408,400,,,,,,,7,780,772,,,,,,
699,23313.5,,,,,,,,,,8,408,404,,,,,,,7,775,781,,,,,,
700,23345.3,,,,,,,,,,8,408,409,,,,,,,7,770,790,,,,,,
701,23381.3,,,,,,,,,,8,408,413,,,,,,,7,766,799,,,,,,
702,23416.3,,,,,,,,,,8,407,417,,,,,,,7,761,807,,,,,,
703,23445.6,,,,,,,,,,8,407,421,,,,,,,8,756,815,,,,,,
704,23481.1,,,,,,,,,,8,406,425,,,,,,,7,751,822,,,,,,
705,23513.4,,,,,,,,,,8,405,428,,,,,,,8,745,829,,,,,,
706,23545.3,,,,,,,,,,8,403,432,,,,,,,7,740,836,,,,,,
707,23581.9,,,,,,,,,,8,402,435,,,,,,,8,736,843,,,,,,
708,23613.3,,,,,,,,,,8,401,438,,,,,,,8,730,848,,,,,,
709,23645.6,,,,,,,,,,8,398,441,,,,,,,8,724,854,,,,,,
710,23681.4,,,,,,,,,,8,396,443,,,,,,,8,719,860,,,,,,
711,23713.2,,,,,,,,,,8,395,445,,,,,,,7,713,865,,,,,,
712,23745.4,,,,,,,,,,8,393,447,,,,,,,8,707,869,,,,,,
713,23781.4,,,,,,,,,,8,391,449,,,,,,,8,701,873,,,,,,
714,23813.3,,,,,,,,,,8,388,451,,,,,,,8,696,877,,,,,,
715,23845.3,,,,,,,,,,8,386,452,,,,,,,7,690,882,,,,,,
716,23885.2,,,,,,,,,,8,384,454,,,,,,,8,684,885,,,,,,
717,23916.3,,,,,,,,,,8,382,455,,,,,,,7,680,887,,,,,,
718,23945.7,,,,,,,,,,8,378,455,,,,,,,7,679,885,,,,,,
719,23981.1,,,,,,,,,,8,375,455,,,,,,,8,679,884,,,,,,
720,24013.4,,,,,,,,,,8,373,455,,,,,,,7,677,882,,,,,,
721,24047.2,,,,,,,,,,8,370,454,,,,,,,8,676,881,,,,,,
722,24083.5,,,,,,,,,,8,368,454,,,,,,,8,676,880,,,,,,
723,24113.3,,,,,,,,,,8,366,453,,,,,,,7,674,879,,,,,,
724,24145.4,,,,,,,,,,8,365,452,,,,,,,7,673,878,,,,,,
725,24181.9,,,,,,,,,,8,363,452,,,,,,,7,672,877,,,,,,
726,24213.4,,,,,,,,,,8,361,451,,,,,,,8,671,876,,,,,,
727,24245.2,,,,,,,,,,8,360,450,,,,,,,7,670,875,,,,,,
728,24281.6,,,,,,,,,,8,360,450,,,,,,,7,669,874,,,,,,
729,24313.6,,,,,,,,,,8,359,449,,,,,,,8,668,873,,,,,,
730,24346.7,,,,,,,,,,8,358,448,,,,,,,8,667,873,,,,,,
731,24381.5,,,,,,,,,,8,356,448,,,,,,,7,666,872,,,,,,
732,24413.6,,,,,,,,,,8,355,447,,,,,,,8,665,871,,,,,,
733,24445.4,,,,,,,,,,8,355,446,,,,,,,7,665,870,,,,,,
734,24481.0,,,,,,,,,,8,353,444,,,,,,,7,664,868,,,,,,
735,24513.1,,,,,,,,,,8,352,443,,,,,,,8,663,867,,,,,,
736,24545.1,,,,,,,,,,8,352,443,,,,,,,7,662,867,,,,,,
737,24581.0,,,,,,,,,,8,352,442,,,,,,,7,662,866,,,,,,
738,24613.4,,,,,,,,,,8,352,441,,,,,,,7,663,865,,,,,,
739,24646.1,,,,,,,,,,8,352,441,,,,,,,8,663,864,,,,,,
740,24683.5,,,,,,,,,,8,352,440,,,,,,,8,663,864,,,,,,
741,24713.6,,,,,,,,,,8,352,440,,,,,,,8,663,863,,,,,,
742,24745.4,,,,,,,,,,8,353,439,,,,,,,7,664,862,,,,,,
743,24781.3,,,,,,,,,,8,353,438,,,,,,,7,664,862,,,,,,
744,24813.6,,,,,,,,,,8,354,437,,,,,,,8,665,862,,,,,,
745,24845.4,,,,,,,,,,8,355,436,,,,,,,8,664,861,,,,,,
746,24881.3,,,,,,,,,,8,356,435,,,,,,,7,665,860,,,,,,
747,24917.2,,,,,,,,,,8,358,434,,,,,,,7,666,860,,,,,,
748,24945.4,,,,,,,,,,8,360,433,,,,,,,8,666,859,,,,,,
749,24982.7,,,,,,,,,,8,361,431,,,,,,,7,666,859,,,,,,
750,25013.3,,,,,,,,,,8,363,430,,,,,,,8,667,858,,,,,,
751,25045.3,,,,,,,,,,8,365,428,,,,,,,7,667,857,,,,,,
752,25081.3,,,,,,,,,,8,367,427,,,,,,,7,668,857,,,,,,
753,25113.4,,,,,,,,,,8,370,425,,,,,,,7,669,857,,,,,,
754,25145.6,,,,,,,,,,8,372,423,,,,,,,7,669,857,,,,,,
755,25181.0,,,,,,,,,,8,374,422,,,,,,,8,670,856,,,,,,
756,25213.2,,,,,,,,,,8,377,420,,,,,,,8,671,855,,,,,,
757,25245.5,,,,,,,,,,8,381,418,,,,,,,8,672,855,,,,,,
758,25281.0,,,,,,,,,,8,385,415,,,,,,,8,673,854,,,,,,
759,25313.3,,,,,,,,,,8,390,412,,,,,,,8,675,853,,,,,,
760,25345.5,,,,,,,,,,8,396,408,,,,,,,7,677,852,,,,,,
761,25381.4,,,,,,,,,,8,402,405,,,,,,,8,679,851,,,,,,
762,25413.2,,,,,,,,,,8,409,401,,,,,,,7,682,850,,,,,,
763,25445.5,,,,,,,,,,8,416,397,,,,,,,7,684,849,,,,,,
764,25481.4,,,,,,,,,,8,425,393,,,,,,,8,689,848,,,,,,
765,25513.6,,,,,,,,,,8,436,389,,,,,,,8,695,847,,,,,,
766,25545.3,,,,,,,,,,8,447,385,,,,,,,8,700,846,,,,,,
767,25581.4,,,,,,,,,,8,459,380,,,,,,,8,704,845,,,,,,
768,25613.4,,,,,,,,,,8,471,375,,,,,,,8,708,844,,,,,,
769,25645.9,,,,,,,,,,8,483,369,,,,,,,7,712,843,,,,,,
770,25684.3,,,,,,,,,,8,496,364,,,,,,,8,716,842,,,,,,
771,25720.3,,,,,,,,,,8,509,359,,,,,,,8,721,842,,,,,,
772,25746.8,,,,,,,,,,8,522,355,,,,,,,7,725,841,,,,,,
773,25781.6,,,,,,,,,,8,534,350,,,,,,,8,727,839,,,,,,
774,25813.7,,,,,,,,,,8,546,345,,,,,,,7,728,836,,,,,,
775,25849.1,,,,,,,,,,8,556,337,,,,,,,7,727,832,,,,,,
776,25881.6,,,,,,,,,,8,565,329,,,,,,,7,726,828,,,,,,
777,25918.0,,,,,,,,,,8,573,323,,,,,,,7,726,826,,,,,,
778,25945.6,,,,,,,,,,8,576,324,,,,,,,7,731,828,,,,,,
779,25981.3,,,,,,,,,,8,579,326,,,,,,,7,734,830,,,,,,
780,26013.1,,,,,,,,,,8,581,328,,,,,,,8,737,831,,,,,,
781,26045.5,,,,,,,,,,8,582,329,,,,,,,8,739,832,,,,,,
782,26081.6,,,,,,,,,,8,584,330,,,,,,,8,742,833,,,,,,
783,26120.3,,,,,,,,,,8,585,330,,,,,,,7,744,833,,,,,,
784,26145.6,,,,,,,,,,8,586,331,,,,,,,8,746,833,,,,,,
785,26184.3,,,,,,,,,,8,586,331,,,,,,,7,747,832,,,,,,
786,26216.3,,,,,,,,,,8,587,331,,,,,,,8,749,831,,,,,,
787,26245.2,,,,,,,,,,8,587,330,,,,,,,8,749,831,,,,,,
788,26281.3,,,,,,,,,,8,587,331,,,,,,,7,750,832,,,,,,
789,26313.2,,,,,,,,,,8,588,331,,,,,,,7,750,831,,,,,,
790,26345.5,,,,,,,,,,8,588,331,,,,,,,8,750,831,,,,,,
791,26381.2,,,,,,,,,,8,588,330,,,,,,,8,750,831,,,,,,
792,26420.3,,,,,,,,,,8,588,330,,,,,,,8,750,831,,,,,,
793,26453.2,,,,,,,,,,8,588,330,,,,,,,8,750,831,,,,,,
794,26481.3,,,,,,,,,,8,588,330,,,,,,,8,750,832,,,,,,
795,26513.3,,,,,,,,,,8,588,330,,,,,,,7,750,831,,,,,,
796,26545.5,,,,,,,,,,8,588,331,,,,,,,8,750,831,,,,,,
797,26581.7,,,,,,,,,,8,587,330,,,,,,,8,750,831,,,,,,
798,26613.4,,,,,,,,,,8,587,330,,,,,,,7,750,831,,,,,,
799,26652.8,,,,,,,,,,8,588,331,,,,,,,8,750,831,,,,,,
800,26681.4,,,,,,,,,,8,588,331,,,,,,,7,750,831,,,,,,
801,26713.6,,,,,,,,,,8,588,331,,,,,,,7,750,831,,,,,,
802,26745.5,,,,,,,,,,8,588,330,,,,,,,8,750,831,,,,,,
803,26781.3,,,,,,,,,,8,588,330,,,,,,,8,750,832,,,,,,
804,26813.5,,,,,,,,,,8,588,330,,,,,,,8,750,831,,,,,,
805,26845.6,,,,,,,,,,8,588,330,,,,,,,8,750,831,,,,,,
806,26881.2,,,,,,,,,,8,588,331,,,,,,,7,750,831,,,,,,
807,26913.4,,,,,,,,,,8,588,331,,,,,,,7,750,831,,,,,,
808,26946.9,,,,,,,,,,8,587,330,,,,,,,8,750,831,,,,,,
809,26981.7,,,,,,,,,,8,587,331,,,,,,,7,750,831,,,,,,
810,27013.4,,,,,,,,,,8,588,331,,,,,,,8,749,831,,,,,,
811,27045.7,,,,,,,,,,8,588,331,,,,,,,8,750,831,,,,,,
812,27081.1,,,,,,,,,,8,588,331,,,,,,,7,750,831,,,,,,
813,27116.3,,,,,,,,,,8,588,331,,,,,,,8,750,831,,,,,,
814,27146.7,,,,,,,,,,8,588,331,,,,,,,7,750,831,,,,,,
815,27181.2,,,,,,,,,,8,588,331,,,,,,,8,750,832,,,,,,
816,27220.3,,,,,,,,,,8,588,331,,,,,,,8,750,831,,,,,,
817,27245.6,,,,,,,,,,8,588,331,,,,,,,8,750,831,,,,,,
818,27281.2,,,,,,,,,,8,588,331,,,,,,,7,750,831,,,,,,
819,27313.6,,,,,,,,,,8,588,330,,,,,,,8,750,831,,,,,,
820,27345.4,,,,,,,,,,8,587,330,,,,,,,8,750,831,,,,,,
821,27381.2,,,,,,,,,,8,587,330,,,,,,,8,749,831,,,,,,
822,27413.4,,,,,,,,,,8,588,331,,,,,,,8,749,831,,,,,,
