frame_no,timestamp,size_px-darkorange,position_px_x-darkorange,position_px_y-darkorange,rx-darkorange,ry-darkorange,vx-darkorange,vy-darkorange,ax-darkorange,ay-darkorange,size_px-green,position_px_x-green,position_px_y-green,rx-green,ry-green,vx-green,vy-green,ax-green,ay-green,size_px-hotpink,position_px_x-hotpink,position_px_y-hotpink,rx-hotpink,ry-hotpink,vx-hotpink,vy-hotpink,ax-hotpink,ay-hotpink,size_px-lightorange,position_px_x-lightorange,position_px_y-lightorange,rx-lightorange,ry-lightorange,vx-lightorange,vy-lightorange,ax-lightorange,ay-lightorange
0,152.4,11,63,1010,,,,,,,,,,,,,,,,,,,,,,,,,31,29,263,,,,,,
1,152.4,12,60,1009,,,,,,,,,,,,,,,,,,,,,,,,,46,1053,11,,,,,,
2,240.6,9,54,1012,,,,,,,,,,,,,,,,,,,,,,,,,41,119,906,,,,,,
3,260.2,13,62,1009,,,,,,,,,,,,,,,,,,,,,,,,,52,985,42,,,,,,
4,279.1,13,62,1009,,,,,,,,,,,,,,,,,,,,,,,,,6,879,39,,,,,,
5,288.3,,,,,,,,,,9,246,827,,,,,,,9,62,1008,,,,,,,6,62,828,,,,,,
6,300.7,,,,,,,,,,9,245,827,,,,,,,9,63,1007,,,,,,,6,63,827,,,,,,
7,314.2,,,,,,,,,,9,245,827,,,,,,,10,62,1007,,,,,,,5,64,828,,,,,,
8,327.2,,,,,,,,,,9,245,827,,,,,,,9,63,1006,,,,,,,6,62,827,,,,,,
9,345.1,,,,,,,,,,9,245,826,,,,,,,10,62,1006,,,,,,,6,63,826,,,,,,
10,408.6,,,,,,,,,,9,245,826,,,,,,,10,62,1006,,,,,,,7,61,826,,,,,,
11,448.9,,,,,,,,,,9,244,825,,,,,,,9,62,1006,,,,,,,6,62,826,,,,,,
12,477.5,,,,,,,,,,9,244,825,,,,,,,9,62,1006,,,,,,,7,60,826,,,,,,
13,514.0,,,,,,,,,,9,244,824,,,,,,,9,62,1005,,,,,,,5,62,825,,,,,,
14,552.4,,,,,,,,,,9,244,824,,,,,,,9,62,1005,,,,,,,6,61,825,,,,,,
15,578.1,,,,,,,,,,9,243,824,,,,,,,9,62,1005,,,,,,,6,62,826,,,,,,
16,609.5,,,,,,,,,,9,244,824,,,,,,,9,63,1005,,,,,,,7,61,826,,,,,,
17,647.4,,,,,,,,,,9,244,824,,,,,,,9,63,1005,,,,,,,7,61,826,,,,,,
18,677.0,,,,,,,,,,9,244,823,,,,,,,9,63,1005,,,,,,,7,60,825,,,,,,
19,709.8,,,,,,,,,,9,244,823,,,,,,,9,64,1004,,,,,,,6,62,825,,,,,,
20,745.1,,,,,,,,,,9,244,823,,,,,,,9,64,1004,,,,,,,6,62,826,,,,,,
21,776.9,,,,,,,,,,9,245,823,,,,,,,9,64,1004,,,,,,,7,62,825,,,,,,
22,809.5,,,,,,,,,,9,244,823,,,,,,,9,64,1004,,,,,,,7,61,825,,,,,,
23,844.6,,,,,,,,,,9,245,823,,,,,,,9,64,1004,,,,,,,6,63,826,,,,,,
24,876.9,,,,,,,,,,9,245,822,,,,,,,9,64,1004,,,,,,,6,62,825,,,,,,
25,909.3,,,,,,,,,,9,245,823,,,,,,,9,63,1005,,,,,,,7,61,825,,,,,,
26,945.0,,,,,,,,,,9,244,823,,,,,,,9,63,1004,,,,,,,6,62,826,,,,,,
27,979.3,,,,,,,,,,9,243,822,,,,,,,9,63,1004,,,,,,,6,62,825,,,,,,
28,1009.0,,,,,,,,,,9,244,823,,,,,,,9,63,1004,,,,,,,7,62,826,,,,,,
29,1047.3,,,,,,,,,,9,244,824,,,,,,,9,63,1004,,,,,,,6,61,825,,,,,,
30,1079.3,,,,,,,,,,9,244,823,,,,,,,9,62,1004,,,,,,,7,61,825,,,,,,
31,1110.8,,,,,,,,,,10,244,823,,,,,,,9,62,1004,,,,,,,7,61,825,,,,,,
32,1176.4,,,,,,,,,,9,245,825,,,,,,,9,61,1004,,,,,,,7,62,825,,,,,,
33,1209.1,,,,,,,,,,9,245,824,,,,,,,9,62,1004,,,,,,,7,62,824,,,,,,
34,1245.3,,,,,,,,,,9,245,825,,,,,,,9,61,1005,,,,,,,7,63,825,,,,,,
35,1277.3,,,,,,,,,,9,245,825,,,,,,,9,62,1005,,,,,,,7,63,825,,,,,,
36,1310.1,,,,,,,,,,9,246,826,,,,,,,9,62,1004,,,,,,,7,64,825,,,,,,
37,1344.7,,,,,,,,,,9,245,826,,,,,,,9,62,1004,,,,,,,7,63,826,,,,,,
38,1377.2,,,,,,,,,,9,245,826,,,,,,,9,62,1004,,,,,,,7,64,826,,,,,,
39,1408.9,,,,,,,,,,9,246,826,,,,,,,9,62,1005,,,,,,,7,64,826,,,,,,
40,1444.7,,,,,,,,,,9,246,827,,,,,,,9,62,1005,,,,,,,7,63,826,,,,,,
41,1476.7,,,,,,,,,,10,245,827,,,,,,,9,62,1006,,,,,,,7,63,826,,,,,,
42,1508.9,,,,,,,,,,9,245,827,,,,,,,9,63,1006,,,,,,,6,64,826,,,,,,
43,1545.3,,,,,,,,,,9,244,827,,,,,,,9,62,1007,,,,,,,6,63,827,,,,,,
44,1576.8,,,,,,,,,,9,244,827,,,,,,,9,62,1006,,,,,,,7,62,827,,,,,,
45,1609.2,,,,,,,,,,9,244,827,,,,,,,9,62,1007,,,,,,,6,62,828,,,,,,
46,1647.3,,,,,,,,,,9,244,827,,,,,,,9,62,1008,,,,,,,6,62,828,,,,,,
47,1708.6,,,,,,,,,,10,244,827,,,,,,,9,62,1008,,,,,,,7,60,829,,,,,,
48,1744.7,,,,,,,,,,10,244,827,,,,,,,9,62,1008,,,,,,,6,61,829,,,,,,
49,1777.3,,,,,,,,,,9,244,828,,,,,,,9,62,1008,,,,,,,5,63,831,,,,,,
50,1844.6,,,,,,,,,,9,244,828,,,,,,,9,63,1010,,,,,,,6,63,831,,,,,,
51,1877.1,,,,,,,,,,9,245,829,,,,,,,8,63,1009,,,,,,,6,62,831,,,,,,
52,1909.9,,,,,,,,,,9,244,829,,,,,,,8,63,1010,,,,,,,,,,,,,,,
53,1976.6,,,,,,,,,,9,245,830,,,,,,,8,63,1009,,,,,,,7,62,831,,,,,,
54,2009.1,,,,,,,,,,9,244,830,,,,,,,8,63,1010,,,,,,,6,64,831,,,,,,
55,2047.2,,,,,,,,,,9,244,830,,,,,,,9,63,1009,,,,,,,7,62,831,,,,,,
56,2076.9,,,,,,,,,,9,245,830,,,,,,,9,63,1009,,,,,,,6,63,830,,,,,,
57,2110.6,,,,,,,,,,9,245,829,,,,,,,9,62,1008,,,,,,,7,63,829,,,,,,
58,2145.1,,,,,,,,,,9,245,829,,,,,,,9,62,1008,,,,,,,6,63,830,,,,,,
59,2177.4,,,,,,,,,,9,244,829,,,,,,,9,62,1008,,,,,,,6,63,829,,,,,,
60,2209.1,,,,,,,,,,9,245,828,,,,,,,9,62,1008,,,,,,,7,62,829,,,,,,
61,2245.0,,,,,,,,,,9,245,828,,,,,,,9,62,1007,,,,,,,7,61,829,,,,,,
62,2280.3,,,,,,,,,,9,245,828,,,,,,,9,62,1008,,,,,,,6,63,829,,,,,,
63,2308.9,,,,,,,,,,10,245,827,,,,,,,9,62,1008,,,,,,,6,62,829,,,,,,
64,2344.6,,,,,,,,,,9,243,827,,,,,,,9,63,1009,,,,,,,5,62,829,,,,,,
65,2408.4,,,,,,,,,,9,243,826,,,,,,,9,64,1008,,,,,,,6,61,828,,,,,,
66,2444.5,,,,,,,,,,10,244,826,,,,,,,9,64,1008,,,,,,,6,61,829,,,,,,
67,2476.8,,,,,,,,,,9,245,826,,,,,,,10,64,1007,,,,,,,6,61,828,,,,,,
68,2514.3,,,,,,,,,,9,245,826,,,,,,,9,64,1008,,,,,,,6,61,829,,,,,,
69,2547.1,,,,,,,,,,9,245,825,,,,,,,9,64,1008,,,,,,,6,62,828,,,,,,
70,2579.3,,,,,,,,,,9,244,824,,,,,,,9,64,1007,,,,,,,6,62,828,,,,,,
71,2610.7,,,,,,,,,,9,245,825,,,,,,,9,63,1007,,,,,,,7,61,828,,,,,,
72,2644.6,,,,,,,,,,9,245,824,,,,,,,9,63,1007,,,,,,,7,61,827,,,,,,
73,2676.6,,,,,,,,,,9,244,824,,,,,,,9,63,1006,,,,,,,7,61,828,,,,,,
74,2709.9,,,,,,,,,,9,244,824,,,,,,,9,62,1007,,,,,,,6,62,827,,,,,,
75,2744.7,,,,,,,,,,10,244,824,,,,,,,9,62,1007,,,,,,,6,62,827,,,,,,
76,2776.4,,,,,,,,,,9,244,824,,,,,,,9,62,1007,,,,,,,7,61,827,,,,,,
77,2808.9,,,,,,,,,,9,244,825,,,,,,,9,62,1006,,,,,,,6,61,826,,,,,,
78,2845.5,,,,,,,,,,9,244,825,,,,,,,9,62,1006,,,,,,,6,61,827,,,,,,
79,2877.1,,,,,,,,,,10,245,826,,,,,,,9,62,1006,,,,,,,7,60,826,,,,,,
80,2913.1,,,,,,,,,,9,245,826,,,,,,,9,62,1007,,,,,,,6,62,827,,,,,,
81,2944.7,,,,,,,,,,9,245,826,,,,,,,9,63,1006,,,,,,,7,62,827,,,,,,
82,2977.3,,,,,,,,,,10,244,827,,,,,,,9,63,1006,,,,,,,7,62,826,,,,,,
83,3010.1,,,,,,,,,,9,245,827,,,,,,,9,63,1006,,,,,,,7,63,826,,,,,,
84,3044.5,,,,,,,,,,9,244,827,,,,,,,9,62,1006,,,,,,,6,64,826,,,,,,
85,3076.5,,,,,,,,,,9,245,827,,,,,,,9,63,1006,,,,,,,7,63,826,,,,,,
86,3109.3,,,,,,,,,,9,245,827,,,,,,,9,62,1007,,,,,,,6,64,827,,,,,,
87,3144.7,,,,,,,,,,9,245,827,,,,,,,9,62,1007,,,,,,,6,63,827,,,,,,
88,3177.6,,,,,,,,,,9,245,828,,,,,,,9,63,1007,,,,,,,6,63,828,,,,,,
89,3211.1,,,,,,,,,,9,245,827,,,,,,,9,62,1007,,,,,,,7,63,828,,,,,,
90,3246.6,,,,,,,,,,9,245,828,,,,,,,9,62,1007,,,,,,,6,63,828,,,,,,
91,3276.9,,,,,,,,,,9,245,828,,,,,,,9,62,1008,,,,,,,5,63,828,,,,,,
92,3309.0,,,,,,,,,,9,245,828,,,,,,,9,61,1008,,,,,,,6,62,830,,,,,,
93,3344.7,,,,,,,,,,9,244,829,,,,,,,8,61,1008,,,,,,,6,61,830,,,,,,
94,3376.6,,,,,,,,,,9,245,829,,,,,,,8,61,1009,,,,,,,6,62,829,,,,,,
95,3409.1,,,,,,,,,,9,245,829,,,,,,,8,61,1010,,,,,,,7,62,830,,,,,,
96,3444.7,,,,,,,,,,9,244,829,,,,,,,9,62,1010,,,,,,,7,60,831,,,,,,
97,3508.4,,,,,,,,,,9,244,828,,,,,,,8,62,1010,,,,,,,7,61,831,,,,,,
98,3544.7,,,,,,,,,,9,245,828,,,,,,,8,63,1009,,,,,,,7,62,831,,,,,,
99,3577.1,,,,,,,,,,9,244,828,,,,,,,8,65,1010,,,,,,,6,63,832,,,,,,
100,3608.9,,,,,,,,,,9,245,828,,,,,,,8,64,1009,,,,,,,7,62,831,,,,,,
101,3644.4,,,,,,,,,,9,245,828,,,,,,,9,65,1009,,,,,,,7,61,831,,,,,,
102,3677.4,,,,,,,,,,9,244,827,,,,,,,9,65,1009,,,,,,,6,62,830,,,,,,
103,3708.6,,,,,,,,,,9,244,827,,,,,,,8,64,1009,,,,,,,7,62,831,,,,,,
104,3744.9,,,,,,,,,,9,244,827,,,,,,,9,65,1009,,,,,,,6,62,829,,,,,,
105,3777.3,,,,,,,,,,10,244,827,,,,,,,8,64,1009,,,,,,,6,62,830,,,,,,
106,3809.1,,,,,,,,,,9,243,827,,,,,,,9,64,1009,,,,,,,7,61,830,,,,,,
107,3844.6,,,,,,,,,,10,243,827,,,,,,,8,64,1009,,,,,,,,,,,,,,,
108,3908.6,,,,,,,,,,9,244,826,,,,,,,9,63,1008,,,,,,,7,61,829,,,,,,
109,3976.5,,,,,,,,,,9,244,827,,,,,,,9,62,1008,,,,,,,6,63,828,,,,,,
110,4008.8,,,,,,,,,,9,244,827,,,,,,,9,62,1007,,,,,,,6,62,828,,,,,,
111,4108.5,,,,,,,,,,9,245,827,,,,,,,9,62,1006,,,,,,,7,62,828,,,,,,
112,4144.9,,,,,,,,,,9,244,827,,,,,,,9,63,1006,,,,,,,7,62,827,,,,,,
113,4177.0,,,,,,,,,,10,244,828,,,,,,,9,62,1007,,,,,,,5,64,829,,,,,,
114,4209.2,,,,,,,,,,9,245,827,,,,,,,9,63,1007,,,,,,,6,63,828,,,,,,
115,4244.8,,,,,,,,,,9,245,827,,,,,,,9,63,1007,,,,,,,6,62,828,,,,,,
116,4277.4,,,,,,,,,,9,244,827,,,,,,,9,63,1007,,,,,,,7,62,828,,,,,,
117,4312.9,,,,,,,,,,9,244,827,,,,,,,9,63,1007,,,,,,,7,62,828,,,,,,
118,4344.8,,,,,,,,,,9,244,826,,,,,,,9,63,1007,,,,,,,7,62,828,,,,,,
119,4378.2,,,,,,,,,,10,244,826,,,,,,,9,63,1007,,,,,,,6,62,829,,,,,,
120,4408.9,,,,,,,,,,10,244,826,,,,,,,9,63,1007,,,,,,,7,60,828,,,,,,
121,4444.5,,,,,,,,,,9,244,826,,,,,,,9,62,1007,,,,,,,6,62,828,,,,,,
122,4508.5,,,,,,,,,,9,244,827,,,,,,,9,63,1007,,,,,,,7,61,829,,,,,,
123,4576.5,,,,,,,,,,10,244,827,,,,,,,9,62,1007,,,,,,,7,60,828,,,,,,
124,4644.4,,,,,,,,,,9,244,826,,,,,,,8,60,1006,,,,,,,6,62,827,,,,,,
125,4677.4,,,,,,,,,,9,244,825,,,,,,,6,59,1006,,,,,,,6,61,826,,,,,,
126,4709.0,,,,,,,,,,9,244,823,,,,,,,,,,,,,,,,7,61,825,,,,,,
127,4746.7,,,,,,,,,,10,243,821,,,,,,,,,,,,,,,,7,61,823,,,,,,
128,4808.8,,,,,,,,,,9,246,818,,,,,,,,,,,,,,,,6,64,818,,,,,,
129,4844.5,,,,,,,,,,9,247,818,,,,,,,,,,,,,,,,7,66,816,,,,,,
130,4877.7,,,,,,,,,,9,248,818,,,,,,,,,,,,,,,,5,68,816,,,,,,
131,4910.7,,,,,,,,,,9,250,818,,,,,,,,,,,,,,,,7,68,816,,,,,,
132,4976.7,,,,,,,,,,9,251,817,,,,,,,,,,,,,,,,7,69,813,,,,,,
133,5008.6,,,,,,,,,,9,251,818,,,,,,,,,,,,,,,,6,70,812,,,,,,
134,5044.6,,,,,,,,,,9,251,816,,,,,,,,,,,,,,,,6,70,811,,,,,,
135,5083.6,,,,,,,,,,9,252,815,,,,,,,,,,,,,,,,6,71,809,,,,,,
136,5108.7,,,,,,,,,,9,252,815,,,,,,,,,,,,,,,,6,72,810,,,,,,
137,5145.2,,,,,,,,,,9,253,815,,,,,,,,,,,,,,,,6,71,809,,,,,,
138,5176.9,,,,,,,,,,9,254,815,,,,,,,,,,,,,,,,7,72,810,,,,,,
139,5208.8,,,,,,,,,,9,257,816,,,,,,,,,,,,,,,,7,74,810,,,,,,
140,5244.5,,,,,,,,,,9,260,816,,,,,,,,,,,,,,,,7,78,809,,,,,,
141,5277.4,,,,,,,,,,10,262,819,,,,,,,,,,,,,,,,7,80,809,,,,,,
142,5308.8,,,,,,,,,,9,265,820,,,,,,,,,,,,,,,,6,84,809,,,,,,
143,5376.4,,,,,,,,,,9,275,825,,,,,,,,,,,,,,,,6,94,813,,,,,,
144,5409.2,,,,,,,,,,10,283,827,,,,,,,,,,,,,,,,7,102,812,,,,,,
145,5476.6,,,,,,,,,,9,304,831,,,,,,,,,,,,,,,,6,124,808,,,,,,
146,5509.0,,,,,,,,,,9,310,831,,,,,,,,,,,,,,,,7,131,806,,,,,,
147,5545.0,,,,,,,,,,9,315,832,,,,,,,,,,,,,,,,6,136,805,,,,,,
148,5577.2,,,,,,,,,,9,316,832,,,,,,,,,,,,,,,,7,137,803,,,,,,
149,5608.7,,,,,,,,,,8,315,831,,,,,,,,,,,,,,,,6,135,803,,,,,,
150,5644.7,,,,,,,,,,9,311,831,,,,,,,,,,,,,,,,7,132,802,,,,,,
151,5676.9,,,,,,,,,,8,306,829,,,,,,,,,,,,,,,,7,126,800,,,,,,
152,5711.1,,,,,,,,,,9,300,824,,,,,,,,,,,,,,,,7,120,800,,,,,,
153,5744.9,,,,,,,,,,9,295,819,,,,,,,,,,,,,,,,7,114,801,,,,,,
154,5777.9,,,,,,,,,,9,289,816,,,,,,,,,,,,,,,,7,108,802,,,,,,
155,5876.5,,,,,,,,,,9,279,806,,,,,,,,,,,,,,,,6,97,803,,,,,,
156,5944.4,,,,,,,,,,9,267,791,,,,,,,,,,,,,,,,7,86,811,,,,,,
157,5976.8,,,,,,,,,,8,255,777,,,,,,,,,,,,,,,,7,78,822,,,,,,
158,6008.9,,,,,,,,,,8,241,758,,,,,,,,,,,,,,,,,,,,,,,,
159,6076.5,,,,,,,,,,8,201,730,,,,,,,,,,,,,,,,,,,,,,,,
160,6111.0,,,,,,,,,,9,182,733,,,,,,,,,,,,,,,,,,,,,,,,
161,6144.9,,,,,,,,,,9,172,749,,,,,,,,,,,,,,,,,,,,,,,,
162,6177.5,,,,,,,,,,8,174,773,,,,,,,6,420,843,,,,,,,,,,,,,,,
163,6213.8,,,,,,,,,,8,189,802,,,,,,,6,444,788,,,,,,,,,,,,,,,
164,6248.4,,,,,,,,,,7,218,830,,,,,,,7,455,734,,,,,,,,,,,,,,,
165,6309.1,,,,,,,,,,,,,,,,,,,8,441,646,,,,,,,,,,,,,,,
166,6344.7,,,,,,,,,,5,376,864,,,,,,,8,424,617,,,,,,,,,,,,,,,
167,6379.4,,,,,,,,,,,,,,,,,,,8,402,599,,,,,,,,,,,,,,,
168,6409.2,,,,,,,,,,6,497,823,,,,,,,8,382,596,,,,,,,,,,,,,,,
169,6444.9,,,,,,,,,,5,549,784,,,,,,,8,367,606,,,,,,,,,,,,,,,
170,6478.0,,,,,,,,,,6,591,737,,,,,,,9,362,625,,,,,,,,,,,,,,,
171,6544.3,,,,,,,,,,7,637,630,,,,,,,8,391,679,,,,,,,6,490,530,,,,,,
172,6608.6,,,,,,,,,,8,635,532,,,,,,,7,473,722,,,,,,,7,456,541,,,,,,
173,6645.0,,,,,,,,,,8,619,496,,,,,,,7,529,728,,,,,,,5,452,562,,,,,,
174,6677.0,,,,,,,,,,9,599,472,,,,,,,7,588,722,,,,,,,,,,,,,,,
175,6711.3,,,,,,,,,,9,576,461,,,,,,,7,646,703,,,,,,,,,,,,,,,
176,6745.9,,,,,,,,,,9,556,463,,,,,,,7,702,671,,,,,,,,,,,,,,,
177,6778.4,,,,,,,,,,9,543,476,,,,,,,6,749,629,,,,,,,,,,,,,,,
178,6809.5,,,,,,,,,,9,542,500,,,,,,,7,785,580,,,,,,,,,,,,,,,
179,6845.3,,,,,,,,,,8,553,528,,,,,,,7,810,527,,,,,,,,,,,,,,,
180,6876.7,,,,,,,,,,8,581,554,,,,,,,8,823,472,,,,,,,,,,,,,,,
181,6944.4,,,,,,,,,,6,669,592,,,,,,,9,809,381,,,,,,,,,,,,,,,
182,6976.6,,,,,,,,,,6,726,594,,,,,,,8,792,350,,,,,,,,,,,,,,,
183,7015.4,,,,,,,,,,7,786,584,,,,,,,8,769,330,,,,,,,,,,,,,,,
184,7044.4,,,,,,,,,,6,845,560,,,,,,,9,747,325,,,,,,,,,,,,,,,
185,7077.3,,,,,,,,,,6,898,525,,,,,,,8,729,331,,,,,,,,,,,,,,,
186,7144.5,,,,,,,,,,6,978,429,,,,,,,8,721,373,,,,,,,6,880,276,,,,,,
187,7177.4,,,,,,,,,,7,998,373,,,,,,,9,738,402,,,,,,,7,857,258,,,,,,
188,7276.4,,,,,,,,,,8,989,230,,,,,,,8,862,456,,,,,,,7,808,281,,,,,,
189,7309.1,,,,,,,,,,9,967,200,,,,,,,7,921,454,,,,,,,7,810,305,,,,,,
190,7344.9,,,,,,,,,,8,942,186,,,,,,,9,955,444,,,,,,,7,815,325,,,,,,
191,7376.7,,,,,,,,,,8,915,182,,,,,,,9,969,434,,,,,,,7,811,339,,,,,,
192,7444.7,,,,,,,,,,9,863,183,,,,,,,10,995,404,,,,,,,7,815,364,,,,,,
193,7477.1,,,,,,,,,,10,838,188,,,,,,,10,1005,384,,,,,,,7,820,372,,,,,,
194,7508.8,,,,,,,,,,9,818,196,,,,,,,8,1013,364,,,,,,,7,828,382,,,,,,
195,7546.6,,,,,,,,,,9,798,206,,,,,,,9,1019,341,,,,,,,6,838,387,,,,,,
196,7608.5,,,,,,,,,,9,769,230,,,,,,,9,1023,290,,,,,,,7,864,386,,,,,,
197,7644.6,,,,,,,,,,9,758,244,,,,,,,8,1020,263,,,,,,,7,878,383,,,,,,
198,7677.6,,,,,,,,,,9,751,257,,,,,,,9,1014,235,,,,,,,7,891,375,,,,,,
199,7744.6,,,,,,,,,,9,747,284,,,,,,,8,991,182,,,,,,,7,918,352,,,,,,
200,7777.4,,,,,,,,,,9,749,295,,,,,,,8,976,157,,,,,,,7,930,335,,,,,,
201,7811.4,,,,,,,,,,9,754,305,,,,,,,8,957,134,,,,,,,7,939,315,,,,,,
202,7876.6,,,,,,,,,,9,772,317,,,,,,,8,913,93,,,,,,,7,952,270,,,,,,
203,7909.4,,,,,,,,,,9,783,318,,,,,,,8,888,77,,,,,,,5,955,246,,,,,,
204,7945.6,,,,,,,,,,9,795,317,,,,,,,8,862,63,,,,,,,6,954,219,,,,,,
205,7977.4,,,,,,,,,,8,808,312,,,,,,,9,833,51,,,,,,,6,951,191,,,,,,
206,8008.7,,,,,,,,,,9,822,305,,,,,,,9,806,44,,,,,,,,,,,,,,,
207,8044.7,,,,,,,,,,8,835,294,,,,,,,8,779,39,,,,,,,6,934,137,,,,,,
208,8077.3,,,,,,,,,,8,847,280,,,,,,,9,752,38,,,,,,,6,921,111,,,,,,
209,8115.5,,,,,,,,,,9,858,263,,,,,,,9,726,40,,,,,,,6,904,85,,,,,,
210,8245.2,,,,,,,,,,9,857,236,,,,,,,9,675,52,,,,,,,7,859,49,,,,,,
211,8279.6,,,,,,,,,,10,848,245,,,,,,,10,675,51,,,,,,,7,859,57,,,,,,
212,8310.9,,,,,,,,,,9,838,251,,,,,,,9,674,50,,,,,,,8,857,64,,,,,,
213,8376.6,,,,,,,,,,9,818,265,,,,,,,9,673,49,,,,,,,8,854,81,,,,,,
214,8408.9,,,,,,,,,,9,808,272,,,,,,,9,673,49,,,,,,,7,853,89,,,,,,
215,8446.2,,,,,,,,,,9,797,278,,,,,,,9,673,50,,,,,,,7,851,97,,,,,,
216,8476.8,,,,,,,,,,9,786,284,,,,,,,9,673,50,,,,,,,7,849,106,,,,,,
217,8544.6,,,,,,,,,,9,764,295,,,,,,,9,673,51,,,,,,,7,842,124,,,,,,
218,8608.6,,,,,,,,,,9,742,305,,,,,,,9,672,52,,,,,,,7,834,141,,,,,,
219,8644.6,,,,,,,,,,9,730,309,,,,,,,8,674,54,,,,,,,7,829,150,,,,,,
220,8677.3,,,,,,,,,,9,719,313,,,,,,,9,673,55,,,,,,,7,825,159,,,,,,
221,8709.1,,,,,,,,,,8,707,317,,,,,,,9,673,57,,,,,,,7,819,167,,,,,,
222,8744.7,,,,,,,,,,9,694,320,,,,,,,8,673,58,,,,,,,7,815,175,,,,,,
223,8909.3,,,,,,,,,,9,634,332,,,,,,,8,671,72,,,,,,,7,782,218,,,,,,
224,8953.0,,,,,,,,,,9,622,334,,,,,,,9,670,75,,,,,,,7,774,227,,,,,,
225,8978.8,,,,,,,,,,9,610,335,,,,,,,8,669,79,,,,,,,7,766,235,,,,,,
226,9009.1,,,,,,,,,,9,597,336,,,,,,,9,668,82,,,,,,,7,758,243,,,,,,
227,9044.7,,,,,,,,,,8,585,336,,,,,,,9,667,86,,,,,,,7,748,251,,,,,,
228,9077.8,,,,,,,,,,8,573,337,,,,,,,9,665,90,,,,,,,7,740,260,,,,,,
229,9108.9,,,,,,,,,,8,561,337,,,,,,,8,664,95,,,,,,,7,730,267,,,,,,
230,9145.0,,,,,,,,,,9,549,336,,,,,,,9,662,99,,,,,,,7,720,274,,,,,,
231,9176.9,,,,,,,,,,9,537,336,,,,,,,9,660,104,,,,,,,7,710,281,,,,,,
232,9208.9,,,,,,,,,,9,524,335,,,,,,,9,657,109,,,,,,,7,700,288,,,,,,
233,9245.1,,,,,,,,,,9,512,334,,,,,,,9,655,114,,,,,,,7,689,295,,,,,,
234,9276.7,,,,,,,,,,9,501,332,,,,,,,9,651,120,,,,,,,7,679,302,,,,,,
235,9309.2,,,,,,,,,,8,487,331,,,,,,,9,649,125,,,,,,,7,668,309,,,,,,
236,9344.6,,,,,,,,,,8,476,329,,,,,,,9,645,130,,,,,,,7,657,315,,,,,,
237,9377.1,,,,,,,,,,9,465,327,,,,,,,9,641,136,,,,,,,8,645,322,,,,,,
238,9409.2,,,,,,,,,,9,452,324,,,,,,,9,637,142,,,,,,,7,633,327,,,,,,
239,9444.4,,,,,,,,,,8,440,322,,,,,,,9,632,148,,,,,,,6,621,333,,,,,,
240,9476.7,,,,,,,,,,9,429,320,,,,,,,9,628,154,,,,,,,6,608,338,,,,,,
241,9508.8,,,,,,,,,,9,417,317,,,,,,,9,623,160,,,,,,,6,596,343,,,,,,
242,9544.4,,,,,,,,,,9,406,313,,,,,,,9,618,167,,,,,,,7,582,348,,,,,,
243,9578.7,,,,,,,,,,8,395,310,,,,,,,9,614,174,,,,,,,7,571,353,,,,,,
244,9608.8,,,,,,,,,,9,384,307,,,,,,,9,608,180,,,,,,,7,556,357,,,,,,
245,9645.3,,,,,,,,,,9,373,303,,,,,,,9,603,186,,,,,,,6,543,361,,,,,,
246,9677.0,,,,,,,,,,9,361,298,,,,,,,9,596,193,,,,,,,6,530,365,,,,,,
247,9709.1,,,,,,,,,,8,351,295,,,,,,,9,589,200,,,,,,,7,515,369,,,,,,
248,9776.6,,,,,,,,,,9,329,287,,,,,,,9,575,214,,,,,,,6,487,376,,,,,,
249,9808.8,,,,,,,,,,9,318,282,,,,,,,9,568,221,,,,,,,7,472,378,,,,,,
250,9844.5,,,,,,,,,,9,309,278,,,,,,,9,559,227,,,,,,,7,458,380,,,,,,
251,9876.8,,,,,,,,,,9,299,273,,,,,,,9,551,235,,,,,,,6,445,384,,,,,,
252,9909.4,,,,,,,,,,9,288,268,,,,,,,9,542,242,,,,,,,7,428,384,,,,,,
253,9944.5,,,,,,,,,,9,278,264,,,,,,,8,534,248,,,,,,,7,414,386,,,,,,
254,9976.9,,,,,,,,,,9,269,260,,,,,,,8,524,255,,,,,,,6,398,387,,,,,,
255,10009.1,,,,,,,,,,8,259,255,,,,,,,8,515,262,,,,,,,7,383,388,,,,,,
256,10047.3,,,,,,,,,,9,249,250,,,,,,,8,504,269,,,,,,,7,368,388,,,,,,
257,10077.1,,,,,,,,,,9,240,245,,,,,,,8,494,275,,,,,,,6,354,390,,,,,,
258,10108.8,,,,,,,,,,9,230,240,,,,,,,8,483,282,,,,,,,7,338,388,,,,,,
259,10208.6,,,,,,,,,,9,202,226,,,,,,,9,449,301,,,,,,,6,290,388,,,,,,
260,10245.6,,,,,,,,,,9,193,221,,,,,,,9,437,307,,,,,,,7,274,386,,,,,,
261,10277.1,,,,,,,,,,9,185,217,,,,,,,8,424,313,,,,,,,7,258,385,,,,,,
262,10311.9,,,,,,,,,,9,176,212,,,,,,,8,411,319,,,,,,,7,242,384,,,,,,
263,10344.6,,,,,,,,,,9,167,208,,,,,,,9,398,325,,,,,,,7,227,382,,,,,,
264,10377.1,,,,,,,,,,9,159,203,,,,,,,9,384,330,,,,,,,7,210,379,,,,,,
265,10408.7,,,,,,,,,,9,150,199,,,,,,,9,370,336,,,,,,,7,194,378,,,,,,
266,10446.9,,,,,,,,,,9,142,195,,,,,,,9,356,341,,,,,,,6,178,375,,,,,,
267,10479.3,,,,,,,,,,9,134,191,,,,,,,10,342,345,,,,,,,6,163,372,,,,,,
268,10544.5,,,,,,,,,,9,118,183,,,,,,,10,311,354,,,,,,,7,130,366,,,,,,
269,10576.6,,,,,,,,,,9,109,179,,,,,,,9,296,359,,,,,,,7,114,363,,,,,,
270,10611.3,,,,,,,,,,9,101,176,,,,,,,9,280,364,,,,,,,7,98,359,,,,,,
271,10644.7,,,,,,,,,,8,94,173,,,,,,,9,264,368,,,,,,,6,82,355,,,,,,
272,10683.1,,,,,,,,,,9,85,169,,,,,,,9,248,370,,,,,,,6,66,349,,,,,,
273,10709.1,,,,,,,,,,9,76,172,,,,,,,9,250,366,,,,,,,7,67,355,,,,,,
274,10747.3,,,,,,,,,,10,67,176,,,,,,,10,252,360,,,,,,,7,70,360,,,,,,
275,10779.0,,,,,,,,,,10,64,178,,,,,,,9,253,357,,,,,,,7,72,360,,,,,,
276,10809.3,,,,,,,,,,9,67,175,,,,,,,9,254,356,,,,,,,7,72,358,,,,,,
277,10844.6,,,,,,,,,,9,69,172,,,,,,,9,254,356,,,,,,,8,71,354,,,,,,
278,10877.4,,,,,,,,,,8,71,169,,,,,,,10,253,354,,,,,,,8,71,352,,,,,,
279,10910.8,,,,,,,,,,9,74,165,,,,,,,9,253,354,,,,,,,7,71,348,,,,,,
280,10944.7,,,,,,,,,,9,76,163,,,,,,,9,252,354,,,,,,,7,70,345,,,,,,
281,10976.7,,,,,,,,,,9,78,160,,,,,,,10,252,353,,,,,,,6,70,343,,,,,,
282,11009.5,,,,,,,,,,8,80,158,,,,,,,9,251,351,,,,,,,7,68,339,,,,,,
283,11045.9,,,,,,,,,,8,81,156,,,,,,,9,251,350,,,,,,,7,68,336,,,,,,
284,11076.6,,,,,,,,,,8,82,154,,,,,,,9,249,350,,,,,,,7,68,332,,,,,,
285,11144.5,,,,,,,,,,,,,,,,,,,9,247,348,,,,,,,7,65,326,,,,,,
286,11177.2,,,,,,,,,,,,,,,,,,,10,246,346,,,,,,,8,65,324,,,,,,
287,11209.0,,,,,,,,,,,,,,,,,,,9,247,344,,,,,,,7,66,322,,,,,,
288,11246.1,,,,,,,,,,,,,,,,,,,9,247,341,,,,,,,7,66,321,,,,,,
289,11277.5,,,,,,,,,,,,,,,,,,,9,249,340,,,,,,,7,67,319,,,,,,
290,11311.0,,,,,,,,,,,,,,,,,,,10,249,337,,,,,,,7,67,316,,,,,,
291,11376.5,,,,,,,,,,,,,,,,,,,10,249,332,,,,,,,7,67,313,,,,,,
292,11444.4,,,,,,,,,,,,,,,,,,,10,247,328,,,,,,,7,66,309,,,,,,
293,11477.2,,,,,,,,,,,,,,,,,,,9,248,326,,,,,,,7,66,307,,,,,,
294,11509.2,,,,,,,,,,,,,,,,,,,9,246,324,,,,,,,7,65,305,,,,,,
295,11545.2,,,,,,,,,,,,,,,,,,,10,246,321,,,,,,,8,65,304,,,,,,
296,11577.0,,,,,,,,,,,,,,,,,,,9,247,318,,,,,,,7,65,302,,,,,,
297,11609.1,,,,,,,,,,,,,,,,,,,9,247,315,,,,,,,7,66,301,,,,,,
298,11645.9,,,,,,,,,,,,,,,,,,,10,248,312,,,,,,,7,65,300,,,,,,
299,11679.7,,,,,,,,,,,,,,,,,,,9,248,309,,,,,,,8,65,298,,,,,,
300,11744.5,,,,,,,,,,,,,,,,,,,9,247,302,,,,,,,7,65,296,,,,,,
301,11776.7,,,,,,,,,,,,,,,,,,,9,247,298,,,,,,,7,64,295,,,,,,
302,11811.3,,,,,,,,,,,,,,,,,,,9,247,294,,,,,,,7,64,293,,,,,,
303,11844.8,,,,,,,,,,,,,,,,,,,9,248,292,,,,,,,7,66,292,,,,,,
304,11876.8,,,,,,,,,,,,,,,,,,,10,250,289,,,,,,,8,67,291,,,,,,
305,11909.0,,,,,,,,,,,,,,,,,,,10,251,288,,,,,,,7,69,289,,,,,,
306,11945.3,,,,,,,,,,,,,,,,,,,9,252,284,,,,,,,7,71,288,,,,,,
307,11976.6,,,,,,,,,,,,,,,,,,,9,253,283,,,,,,,7,71,286,,,,,,
308,12009.2,,,,,,,,,,,,,,,,,,,9,254,280,,,,,,,7,72,285,,,,,,
309,12044.6,,,,,,,,,,,,,,,,,,,9,256,277,,,,,,,7,74,283,,,,,,
310,12076.6,,,,,,,,,,,,,,,,,,,9,256,275,,,,,,,7,75,281,,,,,,
311,12109.1,,,,,,,,,,,,,,,,,,,9,257,272,,,,,,,7,75,280,,,,,,
312,12144.6,,,,,,,,,,,,,,,,,,,10,257,269,,,,,,,7,75,279,,,,,,
313,12244.5,,,,,,,,,,,,,,,,,,,9,258,262,,,,,,,8,76,272,,,,,,
314,12276.7,,,,,,,,,,,,,,,,,,,10,259,260,,,,,,,7,76,270,,,,,,
315,12309.2,,,,,,,,,,,,,,,,,,,9,258,258,,,,,,,7,77,267,,,,,,
316,12376.5,,,,,,,,,,,,,,,,,,,9,258,254,,,,,,,6,77,264,,,,,,
317,12409.4,,,,,,,,,,,,,,,,,,,10,258,251,,,,,,,6,76,261,,,,,,
318,12445.0,,,,,,,,,,,,,,,,,,,9,256,250,,,,,,,7,74,258,,,,,,
319,12481.1,,,,,,,,,,,,,,,,,,,9,255,247,,,,,,,7,74,255,,,,,,
320,12510.8,,,,,,,,,,,,,,,,,,,9,255,246,,,,,,,7,73,253,,,,,,
321,12544.6,,,,,,,,,,,,,,,,,,,9,253,244,,,,,,,7,73,250,,,,,,
322,12576.8,,,,,,,,,,,,,,,,,,,9,252,242,,,,,,,7,72,248,,,,,,
323,12608.9,,,,,,,,,,,,,,,,,,,9,251,241,,,,,,,7,69,245,,,,,,
324,12676.4,,,,,,,,,,,,,,,,,,,9,249,238,,,,,,,8,66,239,,,,,,
325,12709.2,,,,,,,,,,6,67,49,,,,,,,9,247,237,,,,,,,7,66,236,,,,,,
326,12745.8,,,,,,,,,,7,67,48,,,,,,,9,247,234,,,,,,,7,65,233,,,,,,
327,12777.3,,,,,,,,,,8,65,46,,,,,,,10,247,232,,,,,,,7,66,232,,,,,,
328,12844.4,,,,,,,,,,8,65,43,,,,,,,9,248,227,,,,,,,6,67,228,,,,,,
329,12876.7,,,,,,,,,,8,66,42,,,,,,,10,250,223,,,,,,,8,67,226,,,,,,
330,12912.4,,,,,,,,,,9,65,41,,,,,,,9,250,221,,,,,,,7,68,223,,,,,,
331,12945.7,,,,,,,,,,8,64,39,,,,,,,9,251,218,,,,,,,7,68,221,,,,,,
332,12976.9,,,,,,,,,,9,64,37,,,,,,,9,250,217,,,,,,,6,69,219,,,,,,
333,13009.7,,,,,,,,,,9,64,33,,,,,,,10,249,215,,,,,,,7,68,218,,,,,,
334,13045.2,,,,,,,,,,9,65,32,,,,,,,9,248,216,,,,,,,7,66,215,,,,,,
335,13078.5,,,,,,,,,,8,64,30,,,,,,,9,247,217,,,,,,,7,65,214,,,,,,
336,13109.0,,,,,,,,,,9,65,32,,,,,,,10,248,217,,,,,,,7,66,215,,,,,,
337,13176.6,,,,,,,,,,9,65,32,,,,,,,9,247,219,,,,,,,7,65,217,,,,,,
338,13209.6,,,,,,,,,,9,66,32,,,,,,,9,246,220,,,,,,,7,65,218,,,,,,
339,13246.3,,,,,,,,,,9,65,32,,,,,,,9,247,219,,,,,,,8,64,217,,,,,,
340,13277.1,,,,,,,,,,9,66,33,,,,,,,10,246,219,,,,,,,7,64,217,,,,,,
341,13311.0,,,,,,,,,,9,66,34,,,,,,,10,246,221,,,,,,,7,65,217,,,,,,
342,13344.8,,,,,,,,,,9,66,35,,,,,,,10,246,221,,,,,,,6,66,218,,,,,,
343,13376.8,,,,,,,,,,10,66,35,,,,,,,10,247,222,,,,,,,7,65,219,,,,,,
344,13408.8,,,,,,,,,,10,66,35,,,,,,,9,247,222,,,,,,,7,65,218,,,,,,
345,13444.8,,,,,,,,,,10,66,35,,,,,,,9,247,222,,,,,,,6,67,218,,,,,,
346,13478.3,,,,,,,,,,10,67,35,,,,,,,9,246,221,,,,,,,6,63,219,,,,,,
347,13509.1,,,,,,,,,,10,66,35,,,,,,,9,247,222,,,,,,,7,64,218,,,,,,
348,13544.7,,,,,,,,,,9,65,36,,,,,,,9,247,222,,,,,,,7,66,220,,,,,,
349,13576.9,,,,,,,,,,9,65,35,,,,,,,9,247,220,,,,,,,8,65,219,,,,,,
350,13608.8,,,,,,,,,,9,64,35,,,,,,,10,247,220,,,,,,,7,65,219,,,,,,
351,13644.7,,,,,,,,,,9,64,35,,,,,,,9,246,220,,,,,,,7,65,219,,,,,,
352,13676.7,,,,,,,,,,10,64,34,,,,,,,9,246,219,,,,,,,7,65,218,,,,,,
353,13709.0,,,,,,,,,,10,64,35,,,,,,,9,246,219,,,,,,,7,65,218,,,,,,
354,13744.8,,,,,,,,,,9,65,33,,,,,,,9,247,219,,,,,,,7,65,217,,,,,,
355,13776.9,,,,,,,,,,10,65,33,,,,,,,9,247,218,,,,,,,7,65,217,,,,,,
356,13809.9,,,,,,,,,,9,66,32,,,,,,,9,247,218,,,,,,,7,65,217,,,,,,
357,13844.8,,,,,,,,,,10,66,32,,,,,,,10,246,218,,,,,,,7,65,216,,,,,,
358,13876.7,,,,,,,,,,8,65,31,,,,,,,9,247,217,,,,,,,7,65,215,,,,,,
359,13908.9,,,,,,,,,,9,65,30,,,,,,,9,247,216,,,,,,,8,65,214,,,,,,
360,13945.3,,,,,,,,,,9,64,29,,,,,,,9,247,216,,,,,,,7,64,214,,,,,,
361,13977.4,,,,,,,,,,8,64,29,,,,,,,9,247,216,,,,,,,7,65,214,,,,,,
362,14009.2,,,,,,,,,,9,62,29,,,,,,,10,247,215,,,,,,,7,65,215,,,,,,
363,14044.8,,,,,,,,,,9,62,30,,,,,,,10,246,214,,,,,,,6,65,215,,,,,,
364,14077.3,,,,,,,,,,9,61,29,,,,,,,10,246,214,,,,,,,7,63,214,,,,,,
365,14109.2,,,,,,,,,,9,62,29,,,,,,,9,246,215,,,,,,,7,63,214,,,,,,
366,14144.7,,,,,,,,,,9,63,30,,,,,,,9,247,216,,,,,,,6,66,215,,,,,,
367,14177.2,,,,,,,,,,9,63,30,,,,,,,9,246,216,,,,,,,7,64,215,,,,,,
368,14209.2,,,,,,,,,,9,64,30,,,,,,,9,248,216,,,,,,,8,65,214,,,,,,
369,14244.9,,,,,,,,,,9,64,31,,,,,,,9,248,216,,,,,,,7,66,214,,,,,,
370,14276.6,,,,,,,,,,9,66,31,,,,,,,9,248,216,,,,,,,7,66,215,,,,,,
371,14309.8,,,,,,,,,,9,64,32,,,,,,,9,248,216,,,,,,,7,65,214,,,,,,
372,14345.0,,,,,,,,,,9,64,31,,,,,,,9,247,216,,,,,,,7,65,215,,,,,,
373,14408.6,,,,,,,,,,9,63,31,,,,,,,9,247,217,,,,,,,7,65,215,,,,,,
374,14508.6,,,,,,,,,,9,63,31,,,,,,,9,246,217,,,,,,,6,65,216,,,,,,
375,14550.0,,,,,,,,,,10,63,32,,,,,,,9,246,217,,,,,,,7,64,215,,,,,,
376,14579.5,,,,,,,,,,9,64,31,,,,,,,9,247,216,,,,,,,7,64,215,,,,,,
377,14613.9,,,,,,,,,,10,65,31,,,,,,,9,247,217,,,,,,,7,64,215,,,,,,
378,14644.7,,,,,,,,,,10,65,32,,,,,,,10,247,217,,,,,,,7,65,215,,,,,,
379,14676.8,,,,,,,,,,9,64,31,,,,,,,9,248,216,,,,,,,7,66,215,,,,,,
380,14744.3,,,,,,,,,,9,64,31,,,,,,,9,247,216,,,,,,,7,65,215,,,,,,
381,14808.8,,,,,,,,,,9,63,30,,,,,,,9,246,215,,,,,,,7,65,215,,,,,,
382,14845.0,,,,,,,,,,9,64,30,,,,,,,9,246,215,,,,,,,6,65,215,,,,,,
383,14876.8,,,,,,,,,,9,64,31,,,,,,,9,247,216,,,,,,,7,66,215,,,,,,
384,14909.1,,,,,,,,,,8,64,30,,,,,,,9,247,215,,,,,,,7,65,215,,,,,,
385,14945.1,,,,,,,,,,9,64,30,,,,,,,9,247,216,,,,,,,8,65,215,,,,,,
386,14976.8,,,,,,,,,,8,64,30,,,,,,,9,247,216,,,,,,,7,64,214,,,,,,
387,15009.4,,,,,,,,,,9,63,29,,,,,,,9,247,216,,,,,,,7,66,215,,,,,,
388,15076.6,,,,,,,,,,9,63,30,,,,,,,9,247,216,,,,,,,6,66,215,,,,,,
389,15108.8,,,,,,,,,,8,64,31,,,,,,,9,246,216,,,,,,,7,64,214,,,,,,
390,15144.7,,,,,,,,,,9,63,31,,,,,,,9,246,216,,,,,,,8,65,215,,,,,,
391,15178.0,,,,,,,,,,10,65,31,,,,,,,9,247,216,,,,,,,7,64,214,,,,,,
392,15211.5,,,,,,,,,,8,64,30,,,,,,,9,247,216,,,,,,,6,65,215,,,,,,
393,15244.7,,,,,,,,,,9,64,31,,,,,,,9,248,215,,,,,,,7,66,215,,,,,,
394,15308.6,,,,,,,,,,8,65,31,,,,,,,9,247,217,,,,,,,7,65,214,,,,,,
395,15344.6,,,,,,,,,,9,65,32,,,,,,,9,247,217,,,,,,,7,66,215,,,,,,
396,15377.8,,,,,,,,,,9,66,32,,,,,,,10,248,216,,,,,,,,,,,,,,,
397,15411.5,,,,,,,,,,9,65,31,,,,,,,9,247,216,,,,,,,6,67,215,,,,,,
398,15476.4,,,,,,,,,,9,64,32,,,,,,,9,247,216,,,,,,,,,,,,,,,
399,15508.8,,,,,,,,,,8,64,31,,,,,,,9,247,217,,,,,,,,,,,,,,,
400,15544.7,,,,,,,,,,9,63,32,,,,,,,9,247,216,,,,,,,,,,,,,,,
401,15577.5,,,,,,,,,,9,63,31,,,,,,,9,246,216,,,,,,,,,,,,,,,
402,15644.6,,,,,,,,,,9,65,31,,,,,,,9,246,217,,,,,,,,,,,,,,,
403,15676.5,,,,,,,,,,9,66,31,,,,,,,9,248,217,,,,,,,,,,,,,,,
404,15709.0,,,,,,,,,,9,66,31,,,,,,,9,247,216,,,,,,,,,,,,,,,
405,15744.7,,,,,,,,,,9,65,31,,,,,,,9,248,216,,,,,,,,,,,,,,,
406,15779.6,,,,,,,,,,9,65,31,,,,,,,9,248,216,,,,,,,,,,,,,,,
407,15809.0,,,,,,,,,,8,65,30,,,,,,,9,247,215,,,,,,,,,,,,,,,
408,15845.0,,,,,,,,,,9,64,31,,,,,,,9,247,216,,,,,,,,,,,,,,,
409,15877.8,,,,,,,,,,8,64,31,,,,,,,9,246,215,,,,,,,,,,,,,,,
410,15909.6,,,,,,,,,,9,62,30,,,,,,,9,246,216,,,,,,,,,,,,,,,
411,15944.6,,,,,,,,,,9,63,30,,,,,,,9,247,216,,,,,,,,,,,,,,,
412,15977.3,,,,,,,,,,9,62,29,,,,,,,9,247,215,,,,,,,,,,,,,,,
413,16008.9,,,,,,,,,,9,63,29,,,,,,,10,246,216,,,,,,,,,,,,,,,
414,16047.2,,,,,,,,,,9,64,31,,,,,,,10,246,216,,,,,,,,,,,,,,,
415,16077.8,,,,,,,,,,9,64,29,,,,,,,10,247,217,,,,,,,,,,,,,,,
416,16110.0,,,,,,,,,,9,64,29,,,,,,,10,247,216,,,,,,,,,,,,,,,
417,16147.3,,,,,,,,,,8,65,30,,,,,,,9,247,216,,,,,,,,,,,,,,,
418,16176.6,,,,,,,,,,9,64,30,,,,,,,9,246,217,,,,,,,,,,,,,,,
419,16244.4,,,,,,,,,,9,64,30,,,,,,,9,247,216,,,,,,,,,,,,,,,
420,16276.9,,,,,,,,,,9,64,30,,,,,,,9,247,216,,,,,,,,,,,,,,,
421,16308.8,,,,,,,,,,9,64,31,,,,,,,9,246,216,,,,,,,,,,,,,,,
422,16350.0,,,,,,,,,,9,64,32,,,,,,,9,246,216,,,,,,,,,,,,,,,
423,16377.3,,,,,,,,,,9,64,31,,,,,,,9,246,217,,,,,,,,,,,,,,,
424,16409.8,,,,,,,,,,9,64,31,,,,,,,9,247,216,,,,,,,,,,,,,,,
425,16446.1,,,,,,,,,,10,64,32,,,,,,,9,247,216,,,,,,,,,,,,,,,
426,16477.6,,,,,,,,,,9,65,31,,,,,,,10,247,217,,,,,,,,,,,,,,,
427,16508.9,,,,,,,,,,9,64,32,,,,,,,10,247,216,,,,,,,,,,,,,,,
428,16544.6,,,,,,,,,,10,63,32,,,,,,,10,247,218,,,,,,,,,,,,,,,
429,16576.9,,,,,,,,,,9,65,31,,,,,,,10,246,218,,,,,,,,,,,,,,,
430,16608.9,,,,,,,,,,9,66,31,,,,,,,9,246,217,,,,,,,,,,,,,,,
431,16644.4,,,,,,,,,,10,64,32,,,,,,,9,246,216,,,,,,,,,,,,,,,
432,16676.6,,,,,,,,,,9,65,32,,,,,,,9,246,217,,,,,,,,,,,,,,,
433,16744.5,,,,,,,,,,9,65,30,,,,,,,9,247,216,,,,,,,,,,,,,,,
434,16776.6,,,,,,,,,,9,66,31,,,,,,,10,246,217,,,,,,,,,,,,,,,
435,16808.9,,,,,,,,,,9,65,29,,,,,,,10,246,217,,,,,,,,,,,,,,,
436,16844.9,,,,,,,,,,8,66,29,,,,,,,9,246,215,,,,,,,,,,,,,,,
437,16908.8,,,,,,,,,,9,66,31,,,,,,,9,246,216,,,,,,,,,,,,,,,
438,16944.8,,,,,,,,,,9,65,32,,,,,,,9,246,216,,,,,,,,,,,,,,,
439,17008.8,,,,,,,,,,9,64,30,,,,,,,10,246,216,,,,,,,,,,,,,,,
440,17044.6,,,,,,,,,,8,64,30,,,,,,,9,246,216,,,,,,,,,,,,,,,
441,17076.6,,,,,,,,,,9,64,30,,,,,,,10,247,215,,,,,,,,,,,,,,,
442,17109.2,,,,,,,,,,8,64,29,,,,,,,9,248,216,,,,,,,,,,,,,,,
443,17144.5,,,,,,,,,,9,67,30,,,,,,,9,249,216,,,,,,,,,,,,,,,
444,17176.9,,,,,,,,,,8,66,29,,,,,,,9,249,214,,,,,,,,,,,,,,,
445,17209.6,,,,,,,,,,8,67,30,,,,,,,9,249,214,,,,,,,,,,,,,,,
446,17244.7,,,,,,,,,,8,66,30,,,,,,,10,249,216,,,,,,,,,,,,,,,
447,17276.6,,,,,,,,,,8,67,30,,,,,,,9,249,215,,,,,,,,,,,,,,,
448,17309.5,,,,,,,,,,8,66,29,,,,,,,10,249,215,,,,,,,,,,,,,,,
449,17344.9,,,,,,,,,,8,66,29,,,,,,,10,249,215,,,,,,,,,,,,,,,
450,17377.4,,,,,,,,,,8,65,31,,,,,,,9,249,215,,,,,,,,,,,,,,,
451,17408.7,,,,,,,,,,9,65,31,,,,,,,9,248,215,,,,,,,,,,,,,,,
452,17476.7,,,,,,,,,,9,64,32,,,,,,,9,247,215,,,,,,,,,,,,,,,
453,17515.4,,,,,,,,,,8,65,31,,,,,,,9,246,216,,,,,,,,,,,,,,,
454,17544.8,,,,,,,,,,10,64,29,,,,,,,9,248,216,,,,,,,,,,,,,,,
455,17577.8,,,,,,,,,,9,63,29,,,,,,,10,247,215,,,,,,,,,,,,,,,
456,17609.3,,,,,,,,,,9,65,29,,,,,,,9,247,215,,,,,,,,,,,,,,,
457,17644.5,,,,,,,,,,9,62,29,,,,,,,9,248,216,,,,,,,,,,,,,,,
458,17676.8,,,,,,,,,,9,63,30,,,,,,,9,247,215,,,,,,,,,,,,,,,
459,17709.1,,,,,,,,,,9,63,29,,,,,,,9,247,216,,,,,,,,,,,,,,,
460,17744.8,,,,,,,,,,9,63,30,,,,,,,9,247,216,,,,,,,,,,,,,,,
461,17777.2,,,,,,,,,,9,63,31,,,,,,,10,247,215,,,,,,,,,,,,,,,
462,17810.2,,,,,,,,,,9,63,30,,,,,,,10,247,215,,,,,,,,,,,,,,,
463,17844.6,,,,,,,,,,9,63,31,,,,,,,9,247,216,,,,,,,,,,,,,,,
464,17876.6,,,,,,,,,,10,64,32,,,,,,,9,247,216,,,,,,,,,,,,,,,
465,17908.8,,,,,,,,,,9,64,32,,,,,,,9,248,215,,,,,,,,,,,,,,,
466,17944.9,,,,,,,,,,10,64,32,,,,,,,9,248,216,,,,,,,,,,,,,,,
467,17977.7,,,,,,,,,,9,64,32,,,,,,,9,247,216,,,,,,,,,,,,,,,
468,18008.8,,,,,,,,,,9,66,31,,,,,,,10,248,216,,,,,,,,,,,,,,,
469,18044.7,,,,,,,,,,9,65,31,,,,,,,9,247,216,,,,,,,,,,,,,,,
470,18076.7,,,,,,,,,,9,63,31,,,,,,,9,247,216,,,,,,,,,,,,,,,
471,18108.7,,,,,,,,,,9,64,31,,,,,,,9,245,217,,,,,,,,,,,,,,,
472,18144.7,,,,,,,,,,8,64,30,,,,,,,9,245,216,,,,,,,,,,,,,,,
473,18176.8,,,,,,,,,,8,65,29,,,,,,,9,245,216,,,,,,,,,,,,,,,
474,18209.3,,,,,,,,,,8,64,30,,,,,,,10,246,215,,,,,,,,,,,,,,,
475,18244.9,,,,,,,,,,9,64,29,,,,,,,9,247,216,,,,,,,,,,,,,,,
476,18277.3,,,,,,,,,,9,65,29,,,,,,,9,247,216,,,,,,,,,,,,,,,
477,18310.7,,,,,,,,,,8,63,29,,,,,,,9,247,216,,,,,,,,,,,,,,,
478,18344.6,,,,,,,,,,9,63,29,,,,,,,9,247,216,,,,,,,,,,,,,,,
479,18378.0,,,,,,,,,,9,64,30,,,,,,,9,247,216,,,,,,,,,,,,,,,
480,18408.9,,,,,,,,,,9,63,30,,,,,,,9,247,216,,,,,,,,,,,,,,,
481,18444.5,,,,,,,,,,10,63,29,,,,,,,10,246,216,,,,,,,,,,,,,,,
482,18508.6,,,,,,,,,,9,62,29,,,,,,,10,247,215,,,,,,,,,,,,,,,
483,18545.0,,,,,,,,,,9,62,29,,,,,,,10,246,216,,,,,,,,,,,,,,,
484,18577.0,,,,,,,,,,10,64,30,,,,,,,9,246,216,,,,,,,,,,,,,,,
485,18608.8,,,,,,,,,,9,64,30,,,,,,,9,247,215,,,,,,,,,,,,,,,
486,18644.9,,,,,,,,,,9,64,29,,,,,,,10,247,216,,,,,,,,,,,,,,,
487,18676.8,,,,,,,,,,10,64,29,,,,,,,10,247,216,,,,,,,,,,,,,,,
488,18709.5,,,,,,,,,,9,64,30,,,,,,,9,247,217,,,,,,,,,,,,,,,
489,18776.4,,,,,,,,,,9,63,30,,,,,,,9,247,216,,,,,,,,,,,,,,,
490,18809.2,,,,,,,,,,10,63,30,,,,,,,9,246,215,,,,,,,,,,,,,,,
491,18844.6,,,,,,,,,,8,62,31,,,,,,,9,246,215,,,,,,,,,,,,,,,
492,18876.9,,,,,,,,,,9,64,30,,,,,,,9,246,215,,,,,,,,,,,,,,,
493,18909.0,,,,,,,,,,9,62,29,,,,,,,9,247,215,,,,,,,,,,,,,,,
494,18944.6,,,,,,,,,,8,63,30,,,,,,,10,246,216,,,,,,,,,,,,,,,
495,18977.4,,,,,,,,,,8,64,29,,,,,,,9,247,215,,,,,,,,,,,,,,,
496,19044.5,,,,,,,,,,8,64,31,,,,,,,10,247,215,,,,,,,,,,,,,,,
497,19076.9,,,,,,,,,,9,65,30,,,,,,,9,247,215,,,,,,,,,,,,,,,
498,19110.3,,,,,,,,,,9,65,31,,,,,,,9,247,216,,,,,,,,,,,,,,,
499,19150.0,,,,,,,,,,9,65,37,,,,,,,10,248,220,,,,,,,,,,,,,,,
500,19179.6,,,,,,,,,,8,66,46,,,,,,,9,253,227,,,,,,,,,,,,,,,
501,19244.3,,,,,,,,,,,,,,,,,,,9,267,247,,,,,,,,,,,,,,,
502,19278.3,,,,,,,,,,5,61,113,,,,,,,10,279,258,,,,,,,,,,,,,,,
503,19309.5,,,,,,,,,,9,67,152,,,,,,,10,299,266,,,,,,,,,,,,,,,
504,19376.6,,,,,,,,,,7,79,259,,,,,,,8,336,288,,,,,,,,,,,,,,,
505,19409.0,,,,,,,,,,8,93,317,,,,,,,9,349,298,,,,,,,5,236,439,,,,,,
506,19444.9,,,,,,,,,,8,109,373,,,,,,,9,356,308,,,,,,,,,,,,,,,
507,19508.6,,,,,,,,,,7,153,482,,,,,,,9,360,332,,,,,,,,,,,,,,,
508,19544.6,,,,,,,,,,7,180,533,,,,,,,9,357,347,,,,,,,5,361,529,,,,,,
509,19576.8,,,,,,,,,,7,208,580,,,,,,,9,351,365,,,,,,,6,386,544,,,,,,
510,19644.4,,,,,,,,,,6,273,662,,,,,,,10,334,410,,,,,,,6,426,569,,,,,,
511,19676.7,,,,,,,,,,7,306,698,,,,,,,9,324,439,,,,,,,,,,,,,,,
512,19708.8,,,,,,,,,,7,339,729,,,,,,,9,312,471,,,,,,,6,450,586,,,,,,
513,19745.5,,,,,,,,,,7,371,757,,,,,,,8,301,508,,,,,,,6,456,598,,,,,,
514,19776.7,,,,,,,,,,8,402,781,,,,,,,8,291,548,,,,,,,6,459,609,,,,,,
515,19809.4,,,,,,,,,,8,431,801,,,,,,,8,281,592,,,,,,,6,457,621,,,,,,
516,19844.8,,,,,,,,,,8,459,819,,,,,,,8,275,639,,,,,,,6,454,637,,,,,,
517,19876.9,,,,,,,,,,9,481,833,,,,,,,7,270,689,,,,,,,6,447,653,,,,,,
518,19908.8,,,,,,,,,,8,502,846,,,,,,,7,269,740,,,,,,,6,438,674,,,,,,
519,19944.8,,,,,,,,,,8,519,856,,,,,,,7,271,795,,,,,,,6,426,698,,,,,,
520,19976.6,,,,,,,,,,8,532,866,,,,,,,7,277,850,,,,,,,7,414,727,,,,,,
521,20008.9,,,,,,,,,,8,540,873,,,,,,,8,286,896,,,,,,,7,402,757,,,,,,
522,20044.7,,,,,,,,,,8,540,863,,,,,,,8,286,892,,,,,,,6,400,751,,,,,,
523,20077.0,,,,,,,,,,9,538,852,,,,,,,8,284,887,,,,,,,7,395,743,,,,,,
524,20109.0,,,,,,,,,,8,536,841,,,,,,,8,284,881,,,,,,,7,390,735,,,,,,
525,20145.2,,,,,,,,,,8,535,830,,,,,,,8,283,877,,,,,,,6,387,729,,,,,,
526,20177.4,,,,,,,,,,8,533,819,,,,,,,8,282,871,,,,,,,7,383,720,,,,,,
527,20208.9,,,,,,,,,,8,531,808,,,,,,,9,282,866,,,,,,,7,378,712,,,,,,
528,20244.6,,,,,,,,,,8,528,797,,,,,,,9,282,861,,,,,,,7,374,705,,,,,,
529,20276.8,,,,,,,,,,9,527,785,,,,,,,9,281,856,,,,,,,6,372,698,,,,,,
530,20344.4,,,,,,,,,,9,522,763,,,,,,,9,280,845,,,,,,,6,362,684,,,,,,
531,20377.5,,,,,,,,,,9,520,753,,,,,,,9,280,839,,,,,,,7,358,677,,,,,,
532,20410.6,,,,,,,,,,9,516,742,,,,,,,8,278,834,,,,,,,7,354,670,,,,,,
533,20444.6,,,,,,,,,,9,513,732,,,,,,,8,277,829,,,,,,,7,348,662,,,,,,
534,20544.5,,,,,,,,,,9,504,701,,,,,,,9,274,812,,,,,,,6,334,643,,,,,,
535,20577.0,,,,,,,,,,8,500,690,,,,,,,9,273,807,,,,,,,,,,,,,,,
536,20613.1,,,,,,,,,,8,497,680,,,,,,,9,272,801,,,,,,,6,325,630,,,,,,
537,20649.3,,,,,,,,,,9,493,670,,,,,,,9,272,796,,,,,,,6,319,623,,,,,,
538,20708.7,,,,,,,,,,9,485,649,,,,,,,9,269,785,,,,,,,6,309,610,,,,,,
539,20744.7,,,,,,,,,,8,481,638,,,,,,,9,268,779,,,,,,,7,304,603,,,,,,
540,20777.2,,,,,,,,,,8,476,628,,,,,,,9,266,773,,,,,,,7,300,598,,,,,,
541,20808.8,,,,,,,,,,9,472,617,,,,,,,9,265,768,,,,,,,7,294,591,,,,,,
542,20844.6,,,,,,,,,,9,467,608,,,,,,,9,264,762,,,,,,,6,289,585,,,,,,
543,20879.3,,,,,,,,,,8,462,598,,,,,,,9,262,757,,,,,,,6,284,579,,,,,,
544,20908.8,,,,,,,,,,9,457,588,,,,,,,9,260,750,,,,,,,7,277,572,,,,,,
545,20944.4,,,,,,,,,,9,451,578,,,,,,,9,259,744,,,,,,,7,271,567,,,,,,
546,20978.9,,,,,,,,,,9,446,568,,,,,,,9,257,738,,,,,,,6,266,561,,,,,,
547,21014.5,,,,,,,,,,8,441,558,,,,,,,10,256,732,,,,,,,6,261,554,,,,,,
548,21044.8,,,,,,,,,,9,436,548,,,,,,,9,254,726,,,,,,,7,255,549,,,,,,
549,21076.6,,,,,,,,,,9,430,538,,,,,,,9,252,720,,,,,,,5,250,543,,,,,,
550,21110.7,,,,,,,,,,9,424,529,,,,,,,9,250,715,,,,,,,5,245,536,,,,,,
551,21145.4,,,,,,,,,,9,418,519,,,,,,,9,248,708,,,,,,,5,239,531,,,,,,
552,21176.9,,,,,,,,,,9,412,509,,,,,,,9,246,702,,,,,,,,,,,,,,,
553,21208.7,,,,,,,,,,9,405,500,,,,,,,9,244,696,,,,,,,,,,,,,,,
554,21244.4,,,,,,,,,,8,399,490,,,,,,,9,241,689,,,,,,,,,,,,,,,
555,21276.9,,,,,,,,,,9,392,481,,,,,,,9,238,683,,,,,,,,,,,,,,,
556,21308.8,,,,,,,,,,9,388,472,,,,,,,9,235,674,,,,,,,,,,,,,,,
557,21344.4,,,,,,,,,,9,385,463,,,,,,,9,231,665,,,,,,,,,,,,,,,
558,21378.4,,,,,,,,,,9,383,456,,,,,,,10,227,656,,,,,,,,,,,,,,,
559,21411.4,,,,,,,,,,9,379,447,,,,,,,9,225,650,,,,,,,,,,,,,,,
560,21444.4,,,,,,,,,,9,375,440,,,,,,,9,226,645,,,,,,,,,,,,,,,
561,21477.3,,,,,,,,,,9,371,433,,,,,,,9,227,643,,,,,,,,,,,,,,,
562,21511.3,,,,,,,,,,9,365,426,,,,,,,9,229,641,,,,,,,,,,,,,,,
563,21544.7,,,,,,,,,,9,361,420,,,,,,,9,232,638,,,,,,,,,,,,,,,
564,21576.7,,,,,,,,,,9,355,414,,,,,,,9,234,637,,,,,,,,,,,,,,,
565,21608.9,,,,,,,,,,9,346,408,,,,,,,9,242,640,,,,,,,,,,,,,,,
566,21644.5,,,,,,,,,,9,329,405,,,,,,,8,260,650,,,,,,,,,,,,,,,
567,21676.7,,,,,,,,,,8,306,408,,,,,,,8,297,664,,,,,,,,,,,,,,,
568,21709.0,,,,,,,,,,8,279,425,,,,,,,7,352,672,,,,,,,,,,,,,,,
569,21744.4,,,,,,,,,,9,253,462,,,,,,,7,411,666,,,,,,,,,,,,,,,
570,21776.6,,,,,,,,,,7,238,516,,,,,,,8,457,646,,,,,,,,,,,,,,,
571,21808.9,,,,,,,,,,7,239,581,,,,,,,8,490,618,,,,,,,,,,,,,,,
572,21844.4,,,,,,,,,,6,259,650,,,,,,,8,505,589,,,,,,,,,,,,,,,
573,21877.4,,,,,,,,,,5,301,715,,,,,,,8,503,563,,,,,,,,,,,,,,,
574,21909.5,,,,,,,,,,6,355,765,,,,,,,8,488,547,,,,,,,,,,,,,,,
575,21944.5,,,,,,,,,,,,,,,,,,,8,462,545,,,,,,,5,560,694,,,,,,
576,21977.2,,,,,,,,,,,,,,,,,,,8,432,562,,,,,,,,,,,,,,,
577,22108.8,,,,,,,,,,8,650,740,,,,,,,6,399,779,,,,,,,5,507,629,,,,,,
578,22149.6,,,,,,,,,,8,651,710,,,,,,,5,434,843,,,,,,,,,,,,,,,
579,22180.4,5,459,710,,,,,,,9,638,691,,,,,,,,,,,,,,,,,,,,,,,,
580,22209.2,,,,,,,,,,8,612,684,,,,,,,5,547,936,,,,,,,,,,,,,,,
581,22244.8,,,,,,,,,,8,581,696,,,,,,,5,613,957,,,,,,,,,,,,,,,
582,22277.6,,,,,,,,,,8,551,726,,,,,,,6,674,959,,,,,,,,,,,,,,,
583,22309.5,,,,,,,,,,8,528,774,,,,,,,7,727,946,,,,,,,,,,,,,,,
584,22344.8,,,,,,,,,,7,521,835,,,,,,,7,764,921,,,,,,,,,,,,,,,
585,22377.4,,,,,,,,,,8,527,879,,,,,,,8,784,894,,,,,,,6,652,1015,,,,,,
586,22408.9,,,,,,,,,,8,538,896,,,,,,,8,792,866,,,,,,,,,,,,,,,
587,22508.6,,,,,,,,,,8,595,942,,,,,,,8,797,787,,,,,,,,,,,,,,,
588,22548.9,,,,,,,,,,8,620,954,,,,,,,8,791,766,,,,,,,,,,,,,,,
589,22577.4,,,,,,,,,,8,648,962,,,,,,,8,783,747,,,,,,,,,,,,,,,
590,22608.9,,,,,,,,,,7,678,967,,,,,,,8,774,730,,,,,,,,,,,,,,,
591,22644.6,,,,,,,,,,7,710,969,,,,,,,8,762,718,,,,,,,,,,,,,,,
592,22676.9,,,,,,,,,,7,741,967,,,,,,,8,749,709,,,,,,,6,873,845,,,,,,
593,22708.9,,,,,,,,,,7,774,961,,,,,,,8,737,705,,,,,,,6,882,818,,,,,,
594,22776.4,,,,,,,,,,8,834,937,,,,,,,9,712,707,,,,,,,7,888,765,,,,,,
595,22844.4,,,,,,,,,,8,888,898,,,,,,,9,696,722,,,,,,,7,878,718,,,,,,
596,22876.8,,,,,,,,,,7,911,876,,,,,,,9,690,734,,,,,,,6,871,699,,,,,,
597,22976.4,,,,,,,,,,8,959,798,,,,,,,8,699,781,,,,,,,6,835,661,,,,,,
598,23011.4,,,,,,,,,,8,967,771,,,,,,,8,709,799,,,,,,,7,822,657,,,,,,
599,23044.7,,,,,,,,,,8,972,745,,,,,,,8,723,816,,,,,,,7,808,656,,,,,,
600,23076.6,,,,,,,,,,9,972,717,,,,,,,8,741,832,,,,,,,7,796,658,,,,,,
601,23109.0,,,,,,,,,,8,969,693,,,,,,,8,762,845,,,,,,,7,785,664,,,,,,
602,23144.8,,,,,,,,,,9,963,672,,,,,,,8,785,857,,,,,,,7,776,673,,,,,,
603,23177.3,,,,,,,,,,8,953,652,,,,,,,8,811,865,,,,,,,6,771,686,,,,,,
604,23215.3,,,,,,,,,,9,942,636,,,,,,,8,840,870,,,,,,,7,769,699,,,,,,
605,23244.5,,,,,,,,,,9,929,624,,,,,,,8,870,872,,,,,,,6,770,716,,,,,,
606,23276.8,,,,,,,,,,9,915,614,,,,,,,8,900,870,,,,,,,7,776,732,,,,,,
607,23309.1,,,,,,,,,,9,901,609,,,,,,,8,932,864,,,,,,,6,785,750,,,,,,
608,23344.4,,,,,,,,,,9,887,607,,,,,,,7,962,855,,,,,,,7,798,767,,,,,,
609,23377.0,,,,,,,,,,10,874,609,,,,,,,8,991,842,,,,,,,6,815,782,,,,,,
610,23409.0,,,,,,,,,,9,863,616,,,,,,,8,1018,825,,,,,,,6,835,797,,,,,,
611,23476.5,,,,,,,,,,10,846,638,,,,,,,8,1064,786,,,,,,,5,882,818,,,,,,
612,23509.7,,,,,,,,,,9,843,645,,,,,,,9,1073,771,,,,,,,7,894,820,,,,,,
613,23546.1,,,,,,,,,,9,839,641,,,,,,,9,1066,773,,,,,,,7,887,817,,,,,,
614,23577.4,,,,,,,,,,9,836,638,,,,,,,9,1060,773,,,,,,,7,881,815,,,,,,
615,23644.3,,,,,,,,,,8,830,631,,,,,,,9,1048,775,,,,,,,7,867,809,,,,,,
616,23676.9,,,,,,,,,,9,827,628,,,,,,,9,1042,777,,,,,,,7,861,807,,,,,,
617,23709.0,,,,,,,,,,9,824,624,,,,,,,9,1036,777,,,,,,,7,854,804,,,,,,
618,23776.4,,,,,,,,,,9,819,618,,,,,,,9,1024,780,,,,,,,7,840,800,,,,,,
619,23808.9,,,,,,,,,,9,815,615,,,,,,,9,1018,781,,,,,,,7,834,797,,,,,,
620,23844.5,,,,,,,,,,9,813,611,,,,,,,9,1011,782,,,,,,,7,827,794,,,,,,
621,23908.5,,,,,,,,,,9,805,607,,,,,,,9,998,783,,,,,,,7,814,789,,,,,,
622,23944.8,,,,,,,,,,9,803,604,,,,,,,9,990,784,,,,,,,7,807,786,,,,,,
623,23979.7,,,,,,,,,,9,799,601,,,,,,,9,983,785,,,,,,,7,800,783,,,,,,
624,24009.1,,,,,,,,,,9,796,598,,,,,,,9,977,786,,,,,,,7,792,779,,,,,,
625,24044.4,,,,,,,,,,9,793,595,,,,,,,9,970,787,,,,,,,7,786,777,,,,,,
626,24077.1,,,,,,,,,,9,791,592,,,,,,,9,962,787,,,,,,,7,779,774,,,,,,
627,24108.8,,,,,,,,,,9,787,590,,,,,,,9,955,789,,,,,,,6,772,771,,,,,,
628,24144.5,,,,,,,,,,9,784,588,,,,,,,9,949,789,,,,,,,7,766,768,,,,,,
629,24176.9,,,,,,,,,,9,781,586,,,,,,,9,942,790,,,,,,,6,759,766,,,,,,
630,24208.7,,,,,,,,,,9,778,584,,,,,,,9,934,791,,,,,,,7,752,762,,,,,,
631,24244.5,,,,,,,,,,9,775,581,,,,,,,9,927,792,,,,,,,7,745,760,,,,,,
632,24279.8,,,,,,,,,,9,772,579,,,,,,,9,918,793,,,,,,,7,738,757,,,,,,
633,24376.7,,,,,,,,,,9,761,573,,,,,,,9,895,794,,,,,,,7,717,747,,,,,,
634,24409.3,,,,,,,,,,10,758,571,,,,,,,9,887,795,,,,,,,6,710,745,,,,,,
635,24456.0,,,,,,,,,,9,755,569,,,,,,,9,878,795,,,,,,,7,703,742,,,,,,
636,24483.3,,,,,,,,,,9,751,568,,,,,,,9,870,797,,,,,,,7,696,739,,,,,,
637,24513.0,,,,,,,,,,9,748,566,,,,,,,9,862,797,,,,,,,7,689,736,,,,,,
638,24545.5,,,,,,,,,,9,744,565,,,,,,,9,853,798,,,,,,,7,682,733,,,,,,
639,24577.1,,,,,,,,,,9,741,563,,,,,,,9,845,798,,,,,,,7,675,730,,,,,,
640,24644.5,,,,,,,,,,9,733,559,,,,,,,9,828,799,,,,,,,6,661,724,,,,,,
641,24677.3,,,,,,,,,,9,730,557,,,,,,,9,819,799,,,,,,,7,654,721,,,,,,
642,24710.9,,,,,,,,,,9,726,556,,,,,,,8,810,799,,,,,,,7,647,718,,,,,,
643,24776.6,,,,,,,,,,9,718,554,,,,,,,8,792,800,,,,,,,6,632,713,,,,,,
644,24808.8,,,,,,,,,,9,714,553,,,,,,,9,784,800,,,,,,,7,625,709,,,,,,
645,24844.4,,,,,,,,,,8,710,552,,,,,,,9,775,801,,,,,,,7,618,707,,,,,,
646,24876.5,,,,,,,,,,9,706,552,,,,,,,8,765,801,,,,,,,7,611,704,,,,,,
647,24909.4,,,,,,,,,,9,702,551,,,,,,,8,756,801,,,,,,,7,603,702,,,,,,
648,24944.5,,,,,,,,,,9,697,550,,,,,,,8,746,801,,,,,,,6,596,699,,,,,,
649,24976.6,,,,,,,,,,9,694,549,,,,,,,8,736,801,,,,,,,7,589,696,,,,,,
650,25008.8,,,,,,,,,,9,689,549,,,,,,,9,727,802,,,,,,,7,582,693,,,,,,
651,25044.5,,,,,,,,,,9,684,547,,,,,,,8,717,801,,,,,,,7,575,690,,,,,,
652,25076.7,,,,,,,,,,8,680,547,,,,,,,8,708,801,,,,,,,7,567,687,,,,,,
653,25144.5,,,,,,,,,,9,671,546,,,,,,,9,687,801,,,,,,,7,552,682,,,,,,
654,25177.6,,,,,,,,,,8,666,546,,,,,,,8,678,801,,,,,,,7,545,678,,,,,,
655,25209.8,,,,,,,,,,9,661,546,,,,,,,8,668,801,,,,,,,6,538,676,,,,,,
656,25244.8,,,,,,,,,,9,656,546,,,,,,,8,658,801,,,,,,,6,530,673,,,,,,
657,25276.6,,,,,,,,,,9,651,546,,,,,,,8,648,800,,,,,,,6,523,671,,,,,,
658,25308.9,,,,,,,,,,9,646,545,,,,,,,9,638,800,,,,,,,7,515,668,,,,,,
659,25344.7,,,,,,,,,,9,642,546,,,,,,,8,627,800,,,,,,,6,508,666,,,,,,
660,25376.5,,,,,,,,,,9,636,546,,,,,,,9,617,799,,,,,,,6,500,663,,,,,,
661,25408.6,,,,,,,,,,9,631,545,,,,,,,8,607,799,,,,,,,7,493,660,,,,,,
662,25444.5,,,,,,,,,,9,625,546,,,,,,,8,598,799,,,,,,,7,486,659,,,,,,
663,25476.8,,,,,,,,,,9,619,545,,,,,,,9,592,797,,,,,,,7,480,657,,,,,,
664,25508.9,,,,,,,,,,8,617,544,,,,,,,9,591,797,,,,,,,7,478,657,,,,,,
665,25544.4,,,,,,,,,,9,618,545,,,,,,,9,593,798,,,,,,,7,480,658,,,,,,
666,25576.7,,,,,,,,,,9,619,545,,,,,,,9,598,798,,,,,,,7,482,660,,,,,,
667,25608.9,,,,,,,,,,9,617,543,,,,,,,9,608,797,,,,,,,7,485,664,,,,,,
668,25644.8,,,,,,,,,,8,609,539,,,,,,,9,620,793,,,,,,,5,487,672,,,,,,
669,25676.8,,,,,,,,,,8,594,535,,,,,,,9,633,785,,,,,,,7,486,680,,,,,,
670,25709.3,,,,,,,,,,9,569,531,,,,,,,8,647,772,,,,,,,6,485,692,,,,,,
671,25744.7,,,,,,,,,,9,529,534,,,,,,,8,659,749,,,,,,,,,,,,,,,
672,25777.0,,,,,,,,,,9,490,542,,,,,,,8,668,720,,,,,,,,,,,,,,,
673,25808.8,,,,,,,,,,8,454,557,,,,,,,8,672,686,,,,,,,,,,,,,,,
674,25844.5,,,,,,,,,,8,426,576,,,,,,,7,669,648,,,,,,,7,513,735,,,,,,
675,25877.2,,,,,,,,,,8,405,598,,,,,,,8,659,609,,,,,,,7,528,730,,,,,,
676,25908.9,,,,,,,,,,8,393,620,,,,,,,7,641,570,,,,,,,6,544,716,,,,,,
677,25944.4,,,,,,,,,,9,387,641,,,,,,,8,617,531,,,,,,,,,,,,,,,
678,26008.7,,,,,,,,,,9,397,669,,,,,,,8,549,465,,,,,,,,,,,,,,,
679,26108.7,,,,,,,,,,8,440,661,,,,,,,8,417,412,,,,,,,,,,,,,,,
680,26144.6,,,,,,,,,,8,454,644,,,,,,,8,370,408,,,,,,,,,,,,,,,
681,26176.7,,,,,,,,,,8,467,620,,,,,,,8,325,412,,,,,,,,,,,,,,,
682,26209.4,,,,,,,,,,8,473,591,,,,,,,9,287,421,,,,,,,,,,,,,,,
683,26244.9,,,,,,,,,,9,475,557,,,,,,,9,251,437,,,,,,,,,,,,,,,
684,26276.9,,,,,,,,,,7,470,520,,,,,,,9,223,456,,,,,,,,,,,,,,,
685,26309.0,,,,,,,,,,7,459,480,,,,,,,9,203,477,,,,,,,,,,,,,,,
686,26344.6,,,,,,,,,,7,439,439,,,,,,,9,190,499,,,,,,,,,,,,,,,
687,26408.6,,,,,,,,,,8,379,366,,,,,,,9,186,532,,,,,,,,,,,,,,,
688,26444.5,,,,,,,,,,7,341,334,,,,,,,9,193,542,,,,,,,,,,,,,,,
689,26508.7,,,,,,,,,,8,249,291,,,,,,,9,217,542,,,,,,,6,101,403,,,,,,
690,26544.6,,,,,,,,,,8,200,280,,,,,,,9,231,532,,,,,,,7,84,422,,,,,,
691,26580.9,,,,,,,,,,8,151,276,,,,,,,9,243,513,,,,,,,5,75,444,,,,,,
692,26609.1,,,,,,,,,,9,104,280,,,,,,,9,251,489,,,,,,,7,71,460,,,,,,
693,26644.8,,,,,,,,,,9,63,288,,,,,,,9,256,461,,,,,,,6,74,470,,,,,,
694,26677.3,,,,,,,,,,9,72,275,,,,,,,9,256,458,,,,,,,5,74,458,,,,,,
695,26709.3,,,,,,,,,,9,80,261,,,,,,,9,256,452,,,,,,,6,74,442,,,,,,
696,26745.4,,,,,,,,,,10,88,248,,,,,,,10,255,447,,,,,,,6,74,428,,,,,,
697,26777.9,,,,,,,,,,9,97,234,,,,,,,9,254,441,,,,,,,7,72,414,,,,,,
698,26815.2,,,,,,,,,,10,106,221,,,,,,,9,252,436,,,,,,,8,72,400,,,,,,
699,26846.7,,,,,,,,,,9,115,208,,,,,,,10,251,429,,,,,,,7,73,384,,,,,,
700,26908.7,,,,,,,,,,9,132,184,,,,,,,10,246,416,,,,,,,7,72,354,,,,,,
701,26944.8,,,,,,,,,,9,142,171,,,,,,,10,244,409,,,,,,,7,73,339,,,,,,
702,26977.4,,,,,,,,,,9,149,159,,,,,,,9,240,401,,,,,,,7,74,323,,,,,,
703,27010.2,,,,,,,,,,9,158,147,,,,,,,9,237,394,,,,,,,7,74,307,,,,,,
704,27048.5,,,,,,,,,,9,167,136,,,,,,,9,234,385,,,,,,,6,76,292,,,,,,
705,27076.9,,,,,,,,,,9,176,125,,,,,,,9,230,377,,,,,,,5,77,274,,,,,,
706,27109.1,,,,,,,,,,9,184,113,,,,,,,9,226,368,,,,,,,7,78,260,,,,,,
707,27144.6,,,,,,,,,,9,192,102,,,,,,,9,222,359,,,,,,,7,79,244,,,,,,
708,27176.7,,,,,,,,,,9,201,92,,,,,,,9,218,350,,,,,,,7,80,228,,,,,,
709,27209.0,,,,,,,,,,9,209,82,,,,,,,8,213,340,,,,,,,7,82,211,,,,,,
710,27244.7,,,,,,,,,,9,217,71,,,,,,,9,209,329,,,,,,,6,85,197,,,,,,
711,27276.8,,,,,,,,,,8,224,62,,,,,,,9,205,319,,,,,,,7,85,179,,,,,,
712,27309.3,,,,,,,,,,9,232,52,,,,,,,9,200,308,,,,,,,6,88,163,,,,,,
713,27344.3,,,,,,,,,,9,240,42,,,,,,,8,195,297,,,,,,,,,,,,,,,
714,27408.6,,,,,,,,,,9,247,37,,,,,,,9,184,290,,,,,,,,,,,,,,,
715,27445.1,,,,,,,,,,9,245,41,,,,,,,9,178,292,,,,,,,,,,,,,,,
716,27477.4,,,,,,,,,,9,244,44,,,,,,,9,172,294,,,,,,,,,,,,,,,
717,27544.4,,,,,,,,,,9,241,51,,,,,,,9,159,299,,,,,,,,,,,,,,,
718,27608.6,,,,,,,,,,9,237,59,,,,,,,9,147,302,,,,,,,7,70,137,,,,,,
719,27644.5,,,,,,,,,,9,235,63,,,,,,,9,140,304,,,,,,,7,67,138,,,,,,
720,27679.3,,,,,,,,,,9,237,68,,,,,,,9,135,305,,,,,,,7,67,135,,,,,,
721,27709.4,,,,,,,,,,9,241,73,,,,,,,9,130,308,,,,,,,6,68,136,,,,,,
722,27744.6,,,,,,,,,,8,245,79,,,,,,,9,126,309,,,,,,,6,70,136,,,,,,
723,27776.9,,,,,,,,,,9,248,85,,,,,,,9,121,310,,,,,,,,,,,,,,,
724,27810.4,,,,,,,,,,9,252,91,,,,,,,9,116,310,,,,,,,,,,,,,,,
725,27846.1,,,,,,,,,,8,255,97,,,,,,,9,112,311,,,,,,,,,,,,,,,
726,27882.3,,,,,,,,,,9,258,103,,,,,,,9,107,312,,,,,,,,,,,,,,,
727,27944.3,,,,,,,,,,9,263,116,,,,,,,9,96,312,,,,,,,,,,,,,,,
728,27976.7,,,,,,,,,,9,265,122,,,,,,,9,92,313,,,,,,,,,,,,,,,
729,28008.9,,,,,,,,,,9,267,128,,,,,,,9,87,312,,,,,,,,,,,,,,,
730,28045.3,,,,,,,,,,9,269,134,,,,,,,9,82,312,,,,,,,,,,,,,,,
731,28077.1,,,,,,,,,,9,269,141,,,,,,,9,77,312,,,,,,,,,,,,,,,
732,28109.9,,,,,,,,,,9,271,148,,,,,,,9,72,312,,,,,,,,,,,,,,,
733,28145.8,,,,,,,,,,9,272,155,,,,,,,10,67,310,,,,,,,,,,,,,,,
734,28177.2,,,,,,,,,,9,273,159,,,,,,,9,67,313,,,,,,,,,,,,,,,
735,28209.4,,,,,,,,,,10,275,162,,,,,,,9,68,315,,,,,,,,,,,,,,,
736,28245.0,,,,,,,,,,9,275,164,,,,,,,9,69,318,,,,,,,,,,,,,,,
737,28277.4,,,,,,,,,,9,277,166,,,,,,,9,71,319,,,,,,,,,,,,,,,
738,28310.2,,,,,,,,,,10,277,168,,,,,,,10,71,321,,,,,,,,,,,,,,,
739,28346.2,,,,,,,,,,9,278,170,,,,,,,5,77,319,,,,,,,5,99,143,,,,,,
740,28408.8,,,,,,,,,,9,281,174,,,,,,,,,,,,,,,,7,99,146,,,,,,
741,28476.6,,,,,,,,,,9,281,179,,,,,,,,,,,,,,,,7,99,149,,,,,,
742,28508.6,,,,,,,,,,9,281,180,,,,,,,,,,,,,,,,7,100,151,,,,,,
743,28608.7,,,,,,,,,,9,281,187,,,,,,,,,,,,,,,,8,100,156,,,,,,
744,28647.5,,,,,,,,,,10,281,188,,,,,,,,,,,,,,,,8,99,157,,,,,,
745,28678.3,,,,,,,,,,9,280,190,,,,,,,,,,,,,,,,7,98,160,,,,,,
746,28709.1,,,,,,,,,,9,279,192,,,,,,,,,,,,,,,,7,98,161,,,,,,
747,28744.8,,,,,,,,,,9,278,194,,,,,,,,,,,,,,,,6,97,163,,,,,,
748,28776.7,,,,,,,,,,9,277,196,,,,,,,,,,,,,,,,7,96,164,,,,,,
749,28809.3,,,,,,,,,,9,277,197,,,,,,,,,,,,,,,,7,95,166,,,,,,
750,28844.7,,,,,,,,,,9,276,198,,,,,,,,,,,,,,,,7,94,167,,,,,,
751,28877.4,,,,,,,,,,9,274,198,,,,,,,,,,,,,,,,7,94,170,,,,,,
752,28909.1,,,,,,,,,,9,274,198,,,,,,,,,,,,,,,,6,93,172,,,,,,
753,28944.6,,,,,,,,,,9,274,198,,,,,,,,,,,,,,,,7,91,172,,,,,,
754,28976.6,,,,,,,,,,9,271,198,,,,,,,,,,,,,,,,7,90,174,,,,,,
755,29008.8,,,,,,,,,,9,271,199,,,,,,,,,,,,,,,,7,89,176,,,,,,
756,29045.3,,,,,,,,,,9,270,199,,,,,,,,,,,,,,,,7,87,179,,,,,,
757,29077.0,,,,,,,,,,9,271,197,,,,,,,,,,,,,,,,7,87,185,,,,,,
758,29109.0,,,,,,,,,,9,271,196,,,,,,,,,,,,,,,,6,88,200,,,,,,
759,29144.8,,,,,,,,,,10,271,191,,,,,,,,,,,,,,,,5,92,227,,,,,,
760,29177.1,,,,,,,,,,9,268,190,,,,,,,,,,,,,,,,6,98,256,,,,,,
761,29210.1,,,,,,,,,,9,264,191,,,,,,,,,,,,,,,,,,,,,,,,
762,29245.0,,,,,,,,,,9,259,197,,,,,,,9,254,457,,,,,,,,,,,,,,,
763,29277.9,,,,,,,,,,9,252,207,,,,,,,8,292,464,,,,,,,6,143,354,,,,,,
764,29344.4,,,,,,,,,,9,242,240,,,,,,,8,369,468,,,,,,,,,,,,,,,
765,29376.7,,,,,,,,,,8,240,262,,,,,,,9,403,464,,,,,,,,,,,,,,,
766,29409.1,,,,,,,,,,9,240,287,,,,,,,9,435,458,,,,,,,,,,,,,,,
767,29447.1,,,,,,,,,,8,242,315,,,,,,,10,464,448,,,,,,,,,,,,,,,
768,29476.6,,,,,,,,,,8,250,346,,,,,,,10,490,437,,,,,,,,,,,,,,,
769,29515.3,,,,,,,,,,8,260,378,,,,,,,9,511,425,,,,,,,,,,,,,,,
770,29544.6,,,,,,,,,,8,275,412,,,,,,,9,529,412,,,,,,,,,,,,,,,
771,29581.2,,,,,,,,,,7,294,443,,,,,,,9,542,399,,,,,,,,,,,,,,,
772,29610.1,,,,,,,,,,8,315,476,,,,,,,9,551,386,,,,,,,,,,,,,,,
773,29644.8,,,,,,,,,,8,342,506,,,,,,,9,558,374,,,,,,,5,516,548,,,,,,
774,29676.7,,,,,,,,,,7,372,534,,,,,,,9,560,365,,,,,,,,,,,,,,,
775,29708.8,,,,,,,,,,8,404,557,,,,,,,9,560,358,,,,,,,,,,,,,,,
776,29776.6,,,,,,,,,,8,476,596,,,,,,,8,552,354,,,,,,,6,632,515,,,,,,
777,29809.0,,,,,,,,,,7,512,609,,,,,,,8,546,357,,,,,,,6,652,502,,,,,,
778,29844.5,,,,,,,,,,7,549,620,,,,,,,9,538,365,,,,,,,7,669,489,,,,,,
779,29877.7,,,,,,,,,,8,587,625,,,,,,,9,532,376,,,,,,,7,681,475,,,,,,
780,29910.8,,,,,,,,,,8,623,627,,,,,,,9,524,392,,,,,,,7,689,463,,,,,,
781,29951.3,,,,,,,,,,8,658,627,,,,,,,9,520,411,,,,,,,7,694,452,,,,,,
782,29977.9,,,,,,,,,,8,689,622,,,,,,,9,517,433,,,,,,,7,696,443,,,,,,
783,30044.4,,,,,,,,,,8,745,604,,,,,,,8,519,486,,,,,,,7,690,433,,,,,,
784,30077.3,,,,,,,,,,9,769,592,,,,,,,8,525,516,,,,,,,8,684,433,,,,,,
785,30111.3,,,,,,,,,,8,788,580,,,,,,,8,534,547,,,,,,,7,677,436,,,,,,
786,30144.7,,,,,,,,,,9,803,566,,,,,,,8,548,578,,,,,,,7,669,444,,,,,,
787,30208.6,,,,,,,,,,9,823,539,,,,,,,8,588,640,,,,,,,7,654,472,,,,,,
788,30244.9,,,,,,,,,,9,827,529,,,,,,,8,613,668,,,,,,,7,648,491,,,,,,
789,30308.8,,,,,,,,,,9,823,513,,,,,,,8,672,719,,,,,,,6,643,539,,,,,,
790,30345.4,,,,,,,,,,9,819,510,,,,,,,8,706,740,,,,,,,6,645,566,,,,,,
791,30377.3,,,,,,,,,,9,811,511,,,,,,,8,741,757,,,,,,,6,650,596,,,,,,
792,30409.2,,,,,,,,,,9,803,515,,,,,,,8,778,771,,,,,,,,,,,,,,,
793,30444.5,,,,,,,,,,8,794,522,,,,,,,7,814,781,,,,,,,5,673,659,,,,,,
794,30476.8,,,,,,,,,,8,786,535,,,,,,,8,850,786,,,,,,,6,691,690,,,,,,
795,30508.7,,,,,,,,,,9,778,550,,,,,,,8,885,788,,,,,,,6,711,721,,,,,,
796,30544.8,,,,,,,,,,9,771,569,,,,,,,8,918,785,,,,,,,6,737,751,,,,,,
797,30576.9,,,,,,,,,,9,766,592,,,,,,,9,950,780,,,,,,,,,,,,,,,
798,30609.2,,,,,,,,,,9,764,618,,,,,,,9,977,772,,,,,,,6,796,802,,,,,,
799,30645.0,,,,,,,,,,9,766,647,,,,,,,9,1001,763,,,,,,,6,829,822,,,,,,
800,30676.9,,,,,,,,,,9,771,677,,,,,,,9,1022,751,,,,,,,5,864,840,,,,,,
801,30776.5,,,,,,,,,,8,810,775,,,,,,,9,1064,714,,,,,,,,,,,,,,,
802,30809.0,,,,,,,,,,8,831,806,,,,,,,9,1070,702,,,,,,,5,1005,873,,,,,,
803,30844.8,,,,,,,,,,8,856,835,,,,,,,10,1072,692,,,,,,,6,1039,871,,,,,,
804,30877.0,,,,,,,,,,8,884,862,,,,,,,9,1071,685,,,,,,,6,1069,866,,,,,,
805,30908.7,,,,,,,,,,9,885,872,,,,,,,10,1070,688,,,,,,,7,1070,872,,,,,,
806,30945.1,,,,,,,,,,9,880,875,,,,,,,9,1070,698,,,,,,,7,1064,883,,,,,,
807,30977.8,,,,,,,,,,8,873,881,,,,,,,10,1067,709,,,,,,,6,1057,893,,,,,,
808,31009.8,,,,,,,,,,8,866,886,,,,,,,9,1067,720,,,,,,,7,1050,903,,,,,,
809,31044.8,,,,,,,,,,8,861,890,,,,,,,9,1065,731,,,,,,,7,1044,913,,,,,,
810,31077.0,,,,,,,,,,8,854,894,,,,,,,10,1064,740,,,,,,,7,1036,923,,,,,,
811,31108.9,,,,,,,,,,9,848,899,,,,,,,10,1062,752,,,,,,,,,,,,,,,
812,31145.7,,,,,,,,,,8,842,905,,,,,,,9,1061,763,,,,,,,7,1022,943,,,,,,
813,31177.7,,,,,,,,,,9,836,908,,,,,,,9,1060,775,,,,,,,6,1015,953,,,,,,
814,31209.3,,,,,,,,,,9,832,913,,,,,,,9,1058,786,,,,,,,6,1008,962,,,,,,
815,31244.7,,,,,,,,,,9,826,916,,,,,,,9,1056,797,,,,,,,7,1001,972,,,,,,
816,31308.6,,,,,,,,,,9,815,925,,,,,,,10,1052,818,,,,,,,6,986,990,,,,,,
817,31344.6,,,,,,,,,,9,809,929,,,,,,,9,1049,830,,,,,,,6,979,1000,,,,,,
818,31378.0,,,,,,,,,,9,803,934,,,,,,,9,1046,842,,,,,,,6,970,1009,,,,,,
819,31409.9,,,,,,,,,,9,797,938,,,,,,,9,1043,853,,,,,,,7,962,1019,,,,,,
820,31445.0,,,,,,,,,,9,793,942,,,,,,,8,1038,857,,,,,,,7,960,1020,,,,,,
821,31478.9,,,,,,,,,,8,792,945,,,,,,,9,1032,850,,,,,,,7,960,1016,,,,,,
822,31512.4,,,,,,,,,,9,790,949,,,,,,,8,1026,843,,,,,,,6,962,1013,,,,,,
823,31547.2,,,,,,,,,,8,789,953,,,,,,,9,1020,836,,,,,,,6,963,1009,,,,,,
824,31576.8,,,,,,,,,,9,787,955,,,,,,,8,1014,830,,,,,,,5,965,1004,,,,,,
825,31609.2,,,,,,,,,,9,787,959,,,,,,,9,1007,823,,,,,,,7,966,1000,,,,,,
826,31676.5,,,,,,,,,,9,786,965,,,,,,,8,993,810,,,,,,,6,968,990,,,,,,
827,31709.1,,,,,,,,,,8,786,968,,,,,,,9,985,804,,,,,,,6,968,984,,,,,,
828,31750.2,,,,,,,,,,8,785,970,,,,,,,9,977,798,,,,,,,7,968,979,,,,,,
829,31808.8,,,,,,,,,,9,784,975,,,,,,,9,959,787,,,,,,,6,967,968,,,,,,
830,31844.5,,,,,,,,,,9,784,978,,,,,,,9,951,782,,,,,,,7,966,963,,,,,,
831,31908.7,,,,,,,,,,8,784,983,,,,,,,9,932,773,,,,,,,6,964,952,,,,,,
832,31945.0,,,,,,,,,,9,784,984,,,,,,,9,923,768,,,,,,,7,962,945,,,,,,
833,31977.0,,,,,,,,,,8,784,985,,,,,,,8,914,763,,,,,,,6,962,939,,,,,,
834,32015.4,,,,,,,,,,9,784,987,,,,,,,9,905,759,,,,,,,7,960,933,,,,,,
835,32045.1,,,,,,,,,,8,785,988,,,,,,,8,895,755,,,,,,,7,958,926,,,,,,
836,32077.2,,,,,,,,,,8,786,988,,,,,,,9,885,751,,,,,,,7,956,920,,,,,,
837,32109.0,,,,,,,,,,8,786,989,,,,,,,8,875,748,,,,,,,6,953,913,,,,,,
838,32144.8,,,,,,,,,,8,787,991,,,,,,,9,864,744,,,,,,,7,949,907,,,,,,
839,32182.4,,,,,,,,,,9,786,990,,,,,,,8,853,742,,,,,,,6,945,900,,,,,,
840,32208.7,,,,,,,,,,8,787,991,,,,,,,9,843,739,,,,,,,6,942,895,,,,,,
841,32244.5,,,,,,,,,,8,787,991,,,,,,,8,832,737,,,,,,,6,937,887,,,,,,
842,32276.8,,,,,,,,,,8,787,990,,,,,,,8,821,735,,,,,,,6,932,881,,,,,,
843,32309.1,,,,,,,,,,9,787,990,,,,,,,8,810,733,,,,,,,7,928,873,,,,,,
844,32344.5,,,,,,,,,,8,788,988,,,,,,,8,799,731,,,,,,,7,923,867,,,,,,
845,32376.7,,,,,,,,,,8,788,987,,,,,,,8,788,729,,,,,,,7,918,860,,,,,,
846,32409.1,,,,,,,,,,8,789,986,,,,,,,8,777,728,,,,,,,7,913,853,,,,,,
847,32444.6,,,,,,,,,,8,789,985,,,,,,,8,766,727,,,,,,,7,907,847,,,,,,
848,32476.6,,,,,,,,,,8,790,983,,,,,,,8,755,727,,,,,,,7,901,840,,,,,,
849,32544.4,,,,,,,,,,9,789,980,,,,,,,8,733,727,,,,,,,7,888,827,,,,,,
850,32579.5,,,,,,,,,,9,788,978,,,,,,,8,721,727,,,,,,,7,879,820,,,,,,
851,32615.7,,,,,,,,,,8,787,976,,,,,,,9,709,728,,,,,,,7,872,815,,,,,,
852,32655.4,,,,,,,,,,8,786,973,,,,,,,8,698,729,,,,,,,7,864,808,,,,,,
853,32677.1,,,,,,,,,,8,785,969,,,,,,,8,687,729,,,,,,,7,855,802,,,,,,
854,32709.1,,,,,,,,,,8,784,966,,,,,,,9,677,730,,,,,,,7,847,796,,,,,,
855,32744.6,,,,,,,,,,8,783,963,,,,,,,8,665,732,,,,,,,7,839,790,,,,,,
856,32777.6,,,,,,,,,,8,782,960,,,,,,,9,654,734,,,,,,,7,830,784,,,,,,
857,32809.2,,,,,,,,,,8,780,956,,,,,,,8,643,735,,,,,,,7,821,778,,,,,,
858,32844.9,,,,,,,,,,8,779,952,,,,,,,9,633,738,,,,,,,6,811,773,,,,,,
859,32877.0,,,,,,,,,,8,777,948,,,,,,,9,622,740,,,,,,,7,802,768,,,,,,
860,32908.8,,,,,,,,,,9,774,944,,,,,,,8,611,743,,,,,,,7,792,763,,,,,,
861,32944.5,,,,,,,,,,8,772,941,,,,,,,9,600,746,,,,,,,7,781,757,,,,,,
862,32978.0,,,,,,,,,,8,769,936,,,,,,,8,589,749,,,,,,,7,770,753,,,,,,
863,33009.2,,,,,,,,,,8,766,931,,,,,,,8,579,752,,,,,,,7,759,748,,,,,,
864,33046.6,,,,,,,,,,8,762,926,,,,,,,8,568,755,,,,,,,7,748,744,,,,,,
865,33076.9,,,,,,,,,,8,759,921,,,,,,,9,558,759,,,,,,,7,737,739,,,,,,
866,33108.9,,,,,,,,,,8,755,916,,,,,,,9,548,762,,,,,,,7,726,736,,,,,,
867,33144.7,,,,,,,,,,9,751,911,,,,,,,9,538,766,,,,,,,6,714,732,,,,,,
868,33177.5,,,,,,,,,,8,747,905,,,,,,,9,528,771,,,,,,,7,702,728,,,,,,
869,33244.5,,,,,,,,,,8,738,896,,,,,,,8,508,779,,,,,,,7,679,723,,,,,,
870,33308.7,,,,,,,,,,9,727,884,,,,,,,8,489,789,,,,,,,7,654,717,,,,,,
871,33345.2,,,,,,,,,,9,721,878,,,,,,,8,479,793,,,,,,,7,641,715,,,,,,
872,33378.8,,,,,,,,,,9,714,873,,,,,,,9,469,798,,,,,,,6,628,712,,,,,,
873,33444.4,,,,,,,,,,9,708,867,,,,,,,8,460,803,,,,,,,7,615,710,,,,,,
874,33444.4,,,,,,,,,,8,702,861,,,,,,,8,451,808,,,,,,,6,602,709,,,,,,
875,33477.0,,,,,,,,,,9,695,856,,,,,,,8,442,813,,,,,,,6,589,707,,,,,,
876,33513.1,,,,,,,,,,8,688,850,,,,,,,8,434,818,,,,,,,7,576,706,,,,,,
877,33551.4,,,,,,,,,,9,679,844,,,,,,,8,425,823,,,,,,,7,563,705,,,,,,
878,33577.2,,,,,,,,,,8,672,838,,,,,,,8,418,829,,,,,,,7,548,705,,,,,,
879,33609.3,,,,,,,,,,9,665,832,,,,,,,8,409,833,,,,,,,5,536,705,,,,,,
880,33644.5,,,,,,,,,,9,655,827,,,,,,,9,401,839,,,,,,,7,522,705,,,,,,
881,33708.7,,,,,,,,,,9,637,815,,,,,,,8,384,850,,,,,,,7,495,706,,,,,,
882,33776.7,,,,,,,,,,8,618,804,,,,,,,9,369,860,,,,,,,7,467,707,,,,,,
883,33810.8,,,,,,,,,,9,609,800,,,,,,,8,362,866,,,,,,,7,453,708,,,,,,
884,33844.8,,,,,,,,,,9,598,794,,,,,,,8,354,871,,,,,,,7,439,709,,,,,,
885,33877.0,,,,,,,,,,9,588,788,,,,,,,9,347,875,,,,,,,7,426,712,,,,,,
886,33909.0,,,,,,,,,,8,577,784,,,,,,,8,340,881,,,,,,,6,412,714,,,,,,
887,33944.4,,,,,,,,,,8,566,779,,,,,,,8,333,886,,,,,,,7,398,716,,,,,,
888,33977.1,,,,,,,,,,9,554,774,,,,,,,8,326,891,,,,,,,7,384,718,,,,,,
889,34008.9,,,,,,,,,,8,543,769,,,,,,,9,319,896,,,,,,,5,371,719,,,,,,
890,34044.7,,,,,,,,,,9,531,764,,,,,,,8,312,901,,,,,,,6,356,724,,,,,,
891,34076.9,,,,,,,,,,9,519,761,,,,,,,9,306,905,,,,,,,7,342,727,,,,,,
892,34109.1,,,,,,,,,,9,505,755,,,,,,,9,300,910,,,,,,,6,328,730,,,,,,
893,34144.8,,,,,,,,,,9,493,752,,,,,,,9,293,914,,,,,,,7,314,734,,,,,,
894,34176.9,,,,,,,,,,9,480,748,,,,,,,8,286,918,,,,,,,6,300,737,,,,,,
895,34210.8,,,,,,,,,,9,467,743,,,,,,,8,279,922,,,,,,,6,286,740,,,,,,
896,34244.8,,,,,,,,,,9,454,740,,,,,,,8,273,926,,,,,,,7,272,744,,,,,,
897,34277.2,,,,,,,,,,8,439,737,,,,,,,8,266,929,,,,,,,7,259,748,,,,,,
898,34308.9,,,,,,,,,,9,426,734,,,,,,,8,260,933,,,,,,,6,246,752,,,,,,
899,34345.0,,,,,,,,,,9,411,731,,,,,,,9,254,936,,,,,,,6,232,757,,,,,,
900,34377.2,,,,,,,,,,9,396,728,,,,,,,9,248,940,,,,,,,6,217,761,,,,,,
901,34410.3,,,,,,,,,,9,382,725,,,,,,,8,242,943,,,,,,,7,204,766,,,,,,
902,34476.6,,,,,,,,,,9,352,720,,,,,,,8,230,949,,,,,,,7,177,775,,,,,,
903,34512.8,,,,,,,,,,9,336,719,,,,,,,8,223,952,,,,,,,5,164,782,,,,,,
904,34544.7,,,,,,,,,,9,321,717,,,,,,,8,217,954,,,,,,,6,151,787,,,,,,
905,34577.3,,,,,,,,,,8,305,715,,,,,,,9,211,956,,,,,,,6,137,791,,,,,,
906,34609.2,,,,,,,,,,9,289,714,,,,,,,8,205,958,,,,,,,7,125,796,,,,,,
907,34645.1,,,,,,,,,,8,273,713,,,,,,,8,199,959,,,,,,,7,112,802,,,,,,
908,34676.7,,,,,,,,,,9,257,712,,,,,,,8,193,961,,,,,,,7,99,807,,,,,,
909,34709.1,,,,,,,,,,8,239,710,,,,,,,8,186,962,,,,,,,5,86,814,,,,,,
910,34744.8,,,,,,,,,,9,223,710,,,,,,,8,179,963,,,,,,,6,73,817,,,,,,
911,34777.0,,,,,,,,,,8,209,710,,,,,,,8,176,964,,,,,,,,,,,,,,,
912,34809.3,,,,,,,,,,9,214,710,,,,,,,8,179,964,,,,,,,6,70,821,,,,,,
913,34844.5,,,,,,,,,,9,218,710,,,,,,,9,183,964,,,,,,,6,73,820,,,,,,
914,34877.0,,,,,,,,,,9,222,710,,,,,,,8,186,964,,,,,,,6,76,821,,,,,,
915,34909.0,,,,,,,,,,9,227,710,,,,,,,9,189,964,,,,,,,6,80,821,,,,,,
916,34944.7,,,,,,,,,,9,231,710,,,,,,,8,191,964,,,,,,,7,84,821,,,,,,
917,35008.7,,,,,,,,,,9,237,710,,,,,,,8,197,964,,,,,,,6,90,820,,,,,,
918,35045.5,,,,,,,,,,9,241,711,,,,,,,8,199,964,,,,,,,,,,,,,,,
919,35077.0,,,,,,,,,,9,244,711,,,,,,,8,202,965,,,,,,,7,96,818,,,,,,
920,35109.5,,,,,,,,,,9,248,711,,,,,,,8,204,964,,,,,,,7,99,818,,,,,,
921,35144.6,,,,,,,,,,8,252,711,,,,,,,8,206,964,,,,,,,7,102,817,,,,,,
922,35176.8,,,,,,,,,,9,255,712,,,,,,,9,208,964,,,,,,,7,105,817,,,,,,
923,35209.2,,,,,,,,,,9,258,712,,,,,,,8,210,965,,,,,,,7,107,817,,,,,,
924,35245.2,,,,,,,,,,9,261,713,,,,,,,8,212,965,,,,,,,7,110,816,,,,,,
925,35277.1,,,,,,,,,,9,264,712,,,,,,,8,214,965,,,,,,,7,113,816,,,,,,
926,35309.0,,,,,,,,,,9,267,713,,,,,,,8,216,965,,,,,,,7,114,815,,,,,,
927,35344.7,,,,,,,,,,9,269,713,,,,,,,8,217,965,,,,,,,8,116,814,,,,,,
928,35376.8,,,,,,,,,,9,271,713,,,,,,,8,218,965,,,,,,,8,119,814,,,,,,
929,35476.5,,,,,,,,,,9,278,714,,,,,,,8,222,965,,,,,,,7,124,814,,,,,,
930,35509.1,,,,,,,,,,9,281,714,,,,,,,8,223,965,,,,,,,7,126,813,,,,,,
931,35544.8,,,,,,,,,,8,282,714,,,,,,,8,224,966,,,,,,,7,127,813,,,,,,
932,35578.3,,,,,,,,,,9,284,715,,,,,,,8,225,966,,,,,,,8,129,813,,,,,,
933,35609.0,,,,,,,,,,9,286,715,,,,,,,8,225,965,,,,,,,7,130,813,,,,,,
934,35644.7,,,,,,,,,,9,288,716,,,,,,,8,226,965,,,,,,,7,131,812,,,,,,
935,35676.6,,,,,,,,,,9,289,716,,,,,,,8,227,966,,,,,,,7,133,811,,,,,,
936,35709.0,,,,,,,,,,9,291,716,,,,,,,8,227,966,,,,,,,7,134,812,,,,,,
937,35745.4,,,,,,,,,,9,292,717,,,,,,,9,228,966,,,,,,,7,135,811,,,,,,
938,35778.0,,,,,,,,,,9,294,717,,,,,,,8,228,966,,,,,,,7,136,811,,,,,,
939,35809.5,,,,,,,,,,9,294,717,,,,,,,8,228,966,,,,,,,7,136,810,,,,,,
940,35844.9,,,,,,,,,,9,295,718,,,,,,,9,228,966,,,,,,,7,137,811,,,,,,
941,35944.4,,,,,,,,,,9,298,719,,,,,,,9,227,967,,,,,,,7,138,810,,,,,,
942,35978.1,,,,,,,,,,9,298,720,,,,,,,8,227,967,,,,,,,7,139,809,,,,,,
943,36009.1,,,,,,,,,,9,299,720,,,,,,,8,226,967,,,,,,,7,140,810,,,,,,
944,36044.6,,,,,,,,,,9,300,721,,,,,,,9,226,968,,,,,,,7,139,809,,,,,,
945,36080.9,,,,,,,,,,9,300,721,,,,,,,8,225,968,,,,,,,8,139,809,,,,,,
946,36109.2,,,,,,,,,,9,300,722,,,,,,,8,224,968,,,,,,,7,139,808,,,,,,
947,36144.9,,,,,,,,,,9,301,722,,,,,,,8,223,968,,,,,,,7,139,809,,,,,,
948,36176.9,,,,,,,,,,9,300,723,,,,,,,8,222,968,,,,,,,7,138,808,,,,,,
949,36209.2,,,,,,,,,,9,300,723,,,,,,,8,220,968,,,,,,,8,138,808,,,,,,
950,36244.5,,,,,,,,,,9,300,723,,,,,,,8,219,968,,,,,,,7,138,809,,,,,,
951,36276.9,,,,,,,,,,9,300,724,,,,,,,8,218,969,,,,,,,7,137,808,,,,,,
952,36309.0,,,,,,,,,,9,299,725,,,,,,,8,217,969,,,,,,,7,136,808,,,,,,
953,36344.7,,,,,,,,,,9,299,726,,,,,,,8,215,970,,,,,,,7,135,808,,,,,,
954,36377.0,,,,,,,,,,9,298,726,,,,,,,8,214,970,,,,,,,7,134,808,,,,,,
955,36410.1,,,,,,,,,,9,298,727,,,,,,,8,212,970,,,,,,,7,133,808,,,,,,
956,36444.7,,,,,,,,,,9,297,728,,,,,,,8,210,970,,,,,,,7,132,808,,,,,,
957,36508.8,,,,,,,,,,9,295,728,,,,,,,8,206,970,,,,,,,7,129,807,,,,,,
958,36576.8,,,,,,,,,,9,293,730,,,,,,,8,201,971,,,,,,,8,126,808,,,,,,
959,36609.0,,,,,,,,,,9,291,731,,,,,,,8,199,971,,,,,,,7,125,808,,,,,,
960,36644.8,,,,,,,,,,9,289,732,,,,,,,8,197,972,,,,,,,7,123,808,,,,,,
961,36678.2,,,,,,,,,,9,288,732,,,,,,,8,194,972,,,,,,,7,120,808,,,,,,
962,36709.2,,,,,,,,,,9,287,733,,,,,,,8,192,973,,,,,,,7,119,808,,,,,,
